# File generated by ImageToStl.com - Free Image and 3D model conversion tools

o obj1
v 3867.68115234 1936.11486816 232.5
v 3868.13330078 1935.68383789 232.5
v 3867.97192383 1935.69494629 232.5
v 3868.14672852 1935.21508789 232.5
v 3868.46435547 1935.15405273 232.5
v 3868.19458008 1934.70666504 232.5
v 3868.65405273 1934.55883789 232.5
v 3868.11206055 1934.20263672 232.5
v 3868.69018555 1933.93518066 232.5
v 3867.90454102 1933.73596191 232.5
v 3868.5703125 1933.32202148 232.5
v 3867.58544922 1933.3371582 232.5
v 3868.30249023 1932.75769043 232.5
v 3867.90283203 1932.27746582 232.5
v 3867.17578125 1933.03198242 232.5
v 3867.39672852 1931.91125488 232.5
v 3866.70239258 1932.84069824 232.5
v 3866.81567383 1931.68188477 232.5
v 3866.19580078 1932.77539062 232.5
v 3866.19580078 1931.60388184 232.5
v 3865.57592773 1931.68188477 232.5
v 3865.68920898 1932.84069824 232.5
v 3864.99487305 1931.91125488 232.5
v 3865.21557617 1933.03198242 232.5
v 3864.48876953 1932.27746582 232.5
v 3864.80615234 1933.3371582 232.5
v 3864.08911133 1932.75769043 232.5
v 3863.82128906 1933.32202148 232.5
v 3864.48706055 1933.73596191 232.5
v 3863.70141602 1933.93518066 232.5
v 3864.27954102 1934.20263672 232.5
v 3863.73754883 1934.55883789 232.5
v 3864.19702148 1934.70666504 232.5
v 3863.92700195 1935.15405273 232.5
v 3864.24462891 1935.21508789 232.5
v 3864.25830078 1935.68383789 232.5
v 3864.41967773 1935.69494629 232.5
v 3864.71044922 1936.11486816 232.5
v 3867.68115234 1936.11486816 222.5
v 3867.97192383 1935.69494629 222.5
v 3868.14672852 1935.21508789 222.5
v 3868.19458008 1934.70666504 222.5
v 3868.11206055 1934.20263672 222.5
v 3867.90454102 1933.73596191 222.5
v 3867.58544922 1933.3371582 222.5
v 3867.17578125 1933.03198242 222.5
v 3866.70239258 1932.84069824 222.5
v 3866.19580078 1932.77539062 222.5
v 3865.68920898 1932.84069824 222.5
v 3865.21557617 1933.03198242 222.5
v 3864.80615234 1933.3371582 222.5
v 3864.48706055 1933.73596191 222.5
v 3864.27954102 1934.20263672 222.5
v 3864.19702148 1934.70666504 222.5
v 3864.24462891 1935.21508789 222.5
v 3864.41967773 1935.69494629 222.5
v 3864.71044922 1936.11486816 222.5
v 3868.13330078 1935.68383789 222.5
v 3868.46435547 1935.15405273 222.5
v 3868.65405273 1934.55883789 222.5
v 3868.69018555 1933.93518066 222.5
v 3868.5703125 1933.32202148 222.5
v 3868.30249023 1932.75769043 222.5
v 3867.90283203 1932.27746582 222.5
v 3867.39672852 1931.91125488 222.5
v 3866.81567383 1931.68188477 222.5
v 3866.19580078 1931.60388184 222.5
v 3865.57592773 1931.68188477 222.5
v 3864.99487305 1931.91125488 222.5
v 3864.48876953 1932.27746582 222.5
v 3864.08911133 1932.75769043 222.5
v 3863.82128906 1933.32202148 222.5
v 3863.70141602 1933.93518066 222.5
v 3863.73754883 1934.55883789 222.5
v 3863.92700195 1935.15405273 222.5
v 3864.25830078 1935.68383789 222.5
v 3867.68115234 1936.11486816 157.5
v 3868.13330078 1935.68383789 157.5
v 3867.97192383 1935.69494629 157.5
v 3868.14672852 1935.21508789 157.5
v 3868.46435547 1935.15405273 157.5
v 3868.19458008 1934.70666504 157.5
v 3868.65405273 1934.55883789 157.5
v 3868.11206055 1934.20263672 157.5
v 3868.69018555 1933.93518066 157.5
v 3867.90454102 1933.73596191 157.5
v 3868.5703125 1933.32202148 157.5
v 3867.58544922 1933.3371582 157.5
v 3868.30249023 1932.75769043 157.5
v 3867.90283203 1932.27746582 157.5
v 3867.17578125 1933.03198242 157.5
v 3867.39672852 1931.91125488 157.5
v 3866.70239258 1932.84069824 157.5
v 3866.81567383 1931.68188477 157.5
v 3866.19580078 1932.77539062 157.5
v 3866.19580078 1931.60388184 157.5
v 3865.57592773 1931.68188477 157.5
v 3865.68920898 1932.84069824 157.5
v 3864.99487305 1931.91125488 157.5
v 3865.21557617 1933.03198242 157.5
v 3864.48876953 1932.27746582 157.5
v 3864.80615234 1933.3371582 157.5
v 3864.08911133 1932.75769043 157.5
v 3863.82128906 1933.32202148 157.5
v 3864.48706055 1933.73596191 157.5
v 3863.70141602 1933.93518066 157.5
v 3864.27954102 1934.20263672 157.5
v 3863.73754883 1934.55883789 157.5
v 3864.19702148 1934.70666504 157.5
v 3863.92700195 1935.15405273 157.5
v 3864.24462891 1935.21508789 157.5
v 3864.25830078 1935.68383789 157.5
v 3864.41967773 1935.69494629 157.5
v 3864.71044922 1936.11486816 157.5
v 3867.68115234 1936.11486816 147.5
v 3867.97192383 1935.69494629 147.5
v 3868.14672852 1935.21508789 147.5
v 3868.19458008 1934.70666504 147.5
v 3868.11206055 1934.20263672 147.5
v 3867.90454102 1933.73596191 147.5
v 3867.58544922 1933.3371582 147.5
v 3867.17578125 1933.03198242 147.5
v 3866.70239258 1932.84069824 147.5
v 3866.19580078 1932.77539062 147.5
v 3865.68920898 1932.84069824 147.5
v 3865.21557617 1933.03198242 147.5
v 3864.80615234 1933.3371582 147.5
v 3864.48706055 1933.73596191 147.5
v 3864.27954102 1934.20263672 147.5
v 3864.19702148 1934.70666504 147.5
v 3864.24462891 1935.21508789 147.5
v 3864.41967773 1935.69494629 147.5
v 3864.71044922 1936.11486816 147.5
v 3868.13330078 1935.68383789 147.5
v 3868.46435547 1935.15405273 147.5
v 3868.65405273 1934.55883789 147.5
v 3868.69018555 1933.93518066 147.5
v 3868.5703125 1933.32202148 147.5
v 3868.30249023 1932.75769043 147.5
v 3867.90283203 1932.27746582 147.5
v 3867.39672852 1931.91125488 147.5
v 3866.81567383 1931.68188477 147.5
v 3866.19580078 1931.60388184 147.5
v 3865.57592773 1931.68188477 147.5
v 3864.99487305 1931.91125488 147.5
v 3864.48876953 1932.27746582 147.5
v 3864.08911133 1932.75769043 147.5
v 3863.82128906 1933.32202148 147.5
v 3863.70141602 1933.93518066 147.5
v 3863.73754883 1934.55883789 147.5
v 3863.92700195 1935.15405273 147.5
v 3864.25830078 1935.68383789 147.5
v 3864.71044922 2487.09301758 232.5
v 3864.71044922 2487.09301758 222.5
v 3864.25830078 2487.52392578 232.5
v 3864.25830078 2487.52392578 222.5
v 3863.92700195 2488.05371094 232.5
v 3863.92700195 2488.05371094 222.5
v 3863.73754883 2488.64892578 232.5
v 3863.73754883 2488.64892578 222.5
v 3863.70141602 2489.27246094 232.5
v 3863.70141602 2489.27246094 222.5
v 3863.82128906 2489.88574219 232.5
v 3863.82128906 2489.88574219 222.5
v 3864.08911133 2490.44995117 232.5
v 3864.08911133 2490.44995117 222.5
v 3864.48876953 2490.93041992 232.5
v 3864.48876953 2490.93041992 222.5
v 3864.99487305 2491.29663086 232.5
v 3864.99487305 2491.29663086 222.5
v 3865.57592773 2491.52587891 232.5
v 3865.57592773 2491.52587891 222.5
v 3866.19580078 2491.60375977 232.5
v 3866.19580078 2491.60375977 222.5
v 3866.81567383 2491.52587891 232.5
v 3866.81567383 2491.52587891 222.5
v 3867.39672852 2491.29663086 232.5
v 3867.39672852 2491.29663086 222.5
v 3867.90283203 2490.93041992 232.5
v 3867.90283203 2490.93041992 222.5
v 3868.30249023 2490.44995117 232.5
v 3868.30249023 2490.44995117 222.5
v 3868.5703125 2489.88574219 232.5
v 3868.5703125 2489.88574219 222.5
v 3868.69018555 2489.27246094 232.5
v 3868.69018555 2489.27246094 222.5
v 3868.65405273 2488.64892578 232.5
v 3868.65405273 2488.64892578 222.5
v 3868.46435547 2488.05371094 232.5
v 3868.46435547 2488.05371094 222.5
v 3868.13330078 2487.52392578 232.5
v 3868.13330078 2487.52392578 222.5
v 3867.68115234 2487.09301758 232.5
v 3867.68115234 2487.09301758 222.5
v 3864.41967773 2487.51269531 222.5
v 3864.24462891 2487.99267578 222.5
v 3864.19702148 2488.50097656 222.5
v 3864.27954102 2489.00512695 222.5
v 3864.48706055 2489.47167969 222.5
v 3864.80615234 2489.87060547 222.5
v 3865.21557617 2490.17578125 222.5
v 3865.68920898 2490.3671875 222.5
v 3866.19580078 2490.43237305 222.5
v 3866.70239258 2490.3671875 222.5
v 3867.17578125 2490.17578125 222.5
v 3867.58544922 2489.87060547 222.5
v 3867.90454102 2489.47167969 222.5
v 3868.11206055 2489.00512695 222.5
v 3868.19458008 2488.50097656 222.5
v 3868.14672852 2487.99267578 222.5
v 3867.97192383 2487.51269531 222.5
v 3864.41967773 2487.51269531 232.5
v 3864.24462891 2487.99267578 232.5
v 3864.19702148 2488.50097656 232.5
v 3864.27954102 2489.00512695 232.5
v 3864.48706055 2489.47167969 232.5
v 3864.80615234 2489.87060547 232.5
v 3865.21557617 2490.17578125 232.5
v 3865.68920898 2490.3671875 232.5
v 3866.19580078 2490.43237305 232.5
v 3866.70239258 2490.3671875 232.5
v 3867.17578125 2490.17578125 232.5
v 3867.58544922 2489.87060547 232.5
v 3867.90454102 2489.47167969 232.5
v 3868.11206055 2489.00512695 232.5
v 3868.19458008 2488.50097656 232.5
v 3868.14672852 2487.99267578 232.5
v 3867.97192383 2487.51269531 232.5
v 3633.69580078 2511.50097656 372.5
v 3633.69580078 2511.60375977 372.5
v 3633.69580078 2511.50097656 172.5
v 3633.69580078 2511.60375977 172.5
v 3633.69580078 2498.50097656 202.5
v 3633.69580078 2498.60375977 202.5
v 3633.69580078 2502.50097656 172.5
v 3633.69580078 2502.60375977 172.5
v 3448.69580078 2498.70385742 202.5
v 3873.69580078 2498.70385742 202.5
v 3873.69580078 2498.60375977 202.5
v 3446.79882812 2498.50097656 202.5
v 3446.69580078 2498.60375977 202.5
v 3448.69580078 2509.50097656 202.5
v 3435.79882812 2509.50097656 202.5
v 3435.7956543 2496.60375977 202.5
v 3435.69580078 2509.60375977 202.5
v 3435.69580078 2261.60375977 202.5
v 3435.7956543 2261.60375977 202.5
v 3446.59570312 2496.60375977 202.5
v 3446.69580078 2261.60375977 202.5
v 3446.59570312 2261.60375977 202.5
v 3442.79882812 2502.50097656 172.5
v 3433.79882812 2511.50097656 172.5
v 3433.79882812 2511.50097656 372.5
v 3633.79882812 2496.60375977 372.5
v 3633.79882812 2496.50097656 372.5
v 3633.79882812 2496.60375977 172.5
v 3633.79882812 2496.50097656 172.5
v 3448.69580078 2502.70385742 172.5
v 3873.69580078 2502.70385742 172.5
v 3873.69580078 2502.60375977 172.5
v 3442.69580078 2502.60375977 172.5
v 3448.69580078 2505.50097656 172.5
v 3439.79882812 2505.50097656 172.5
v 3439.7956543 2496.60375977 172.5
v 3439.69580078 2505.60375977 172.5
v 3439.69580078 2261.60375977 172.5
v 3439.7956543 2261.60375977 172.5
v 3442.59570312 2496.60375977 172.5
v 3442.69580078 2261.60375977 172.5
v 3442.59570312 2261.60375977 172.5
v 3433.69580078 2511.60375977 172.5
v 3633.79882812 2509.60375977 202.5
v 3633.79882812 2509.50390625 202.5
v 3633.79882812 2505.60375977 172.5
v 3633.79882812 2505.50390625 172.5
v 3448.69580078 2496.60375977 172.5
v 3448.79882812 2496.50097656 172.5
v 3448.69580078 2496.60375977 372.5
v 3448.79882812 2496.50097656 372.5
v 3433.69580078 2511.60375977 372.5
v 3873.69580078 2505.60375977 172.5
v 3873.69580078 2505.50390625 172.5
v 3862.69580078 2488.43237305 157.5
v 3862.79223633 2487.70019531 157.5
v 3862.69580078 2487.76074219 157.5
v 3862.79223633 2487.02856445 157.5
v 3863.07470703 2487.01806641 157.5
v 3863.07470703 2486.34643555 157.5
v 3863.52416992 2486.43237305 157.5
v 3863.52416992 2485.76074219 157.5
v 3864.10986328 2485.98291016 157.5
v 3864.10986328 2485.3112793 157.5
v 3864.79223633 2485.70019531 157.5
v 3864.79223633 2485.02856445 157.5
v 3865.52416992 2485.60375977 157.5
v 3865.52416992 2484.93237305 157.5
v 3866.86743164 2485.60375977 157.5
v 3867.59936523 2485.70019531 157.5
v 3873.69580078 2484.93237305 157.5
v 3868.28149414 2485.98291016 157.5
v 3868.86743164 2486.43237305 157.5
v 3873.69580078 2486.43237305 157.5
v 3869.31689453 2487.01806641 157.5
v 3869.59936523 2487.70019531 157.5
v 3869.69580078 2488.43237305 157.5
v 3873.69580078 2491.43237305 157.5
v 3869.69580078 2491.93237305 157.5
v 3873.69580078 2491.93237305 157.5
v 3873.69580078 2486.43237305 247.5
v 3873.69580078 2486.43237305 272.5
v 3873.69580078 2491.43237305 247.5
v 3873.69580078 2491.43237305 272.5
v 3873.69580078 2486.43237305 172.5
v 3873.69580078 2486.43237305 232.5
v 3873.69580078 2491.43237305 172.5
v 3873.69580078 2491.43237305 232.5
v 3873.69580078 2491.43237305 122.5
v 3873.69580078 2486.43237305 122.5
v 3878.69580078 2490.43237305 127.5
v 3878.69580078 2490.43237305 272.5
v 3878.69580078 2487.43237305 127.5
v 3878.69580078 2487.43237305 272.5
v 3988.69580078 2490.43237305 272.5
v 3988.69580078 2490.43237305 127.5
v 3988.69580078 2487.43237305 272.5
v 3988.69580078 2487.43237305 127.5
v 3983.69580078 2487.43237305 262.5
v 3983.69580078 2487.43237305 132.5
v 3883.69580078 2487.43237305 132.5
v 3883.69580078 2487.43237305 262.5
v 3983.69580078 2490.43237305 132.5
v 3983.69580078 2490.43237305 262.5
v 3883.69580078 2490.43237305 132.5
v 3883.69580078 2490.43237305 262.5
v 3883.69580078 2491.43237305 262.5
v 3883.69580078 2491.43237305 132.5
v 3883.69580078 2486.43237305 132.5
v 3883.69580078 2486.43237305 262.5
v 3983.69580078 2491.43237305 262.5
v 3983.69580078 2486.43237305 262.5
v 3983.69580078 2491.43237305 132.5
v 3983.69580078 2486.43237305 132.5
v 3993.69580078 2491.43237305 122.5
v 3993.69580078 2491.43237305 272.5
v 3993.69580078 2486.43237305 122.5
v 3993.69580078 2486.43237305 272.5
v 3873.69580078 2491.93237305 232.5
v 3873.69580078 2491.93237305 247.5
v 3873.69580078 2484.93237305 247.5
v 3873.69580078 2484.93237305 232.5
v 3865.52416992 2491.93237305 247.5
v 3865.52416992 2491.93237305 232.5
v 3864.79223633 2491.8359375 247.5
v 3864.79223633 2491.8359375 232.5
v 3864.10986328 2491.5534668 247.5
v 3864.10986328 2491.5534668 232.5
v 3863.52416992 2491.10375977 247.5
v 3863.52416992 2491.10375977 232.5
v 3863.07470703 2490.51806641 247.5
v 3863.07470703 2490.51806641 232.5
v 3862.79223633 2489.8359375 247.5
v 3862.79223633 2489.8359375 232.5
v 3862.69580078 2489.10375977 247.5
v 3862.69580078 2489.10375977 232.5
v 3869.69580078 2491.93237305 232.5
v 3865.52416992 2484.93237305 232.5
v 3865.52416992 2484.93237305 247.5
v 3862.69580078 2487.76074219 247.5
v 3862.69580078 2487.76074219 232.5
v 3862.79223633 2487.02856445 247.5
v 3862.79223633 2487.02856445 232.5
v 3863.07470703 2486.34643555 247.5
v 3863.07470703 2486.34643555 232.5
v 3863.52416992 2485.76074219 247.5
v 3863.52416992 2485.76074219 232.5
v 3864.10986328 2485.3112793 247.5
v 3864.10986328 2485.3112793 232.5
v 3864.79223633 2485.02856445 247.5
v 3864.79223633 2485.02856445 232.5
v 3862.69580078 2488.43237305 232.5
v 3862.69580078 2496.60375977 232.5
v 3862.69580078 2496.60375977 217.5
v 3862.69580078 2488.43237305 217.5
v 3869.69580078 2488.43237305 232.5
v 3869.59936523 2487.70019531 232.5
v 3869.31689453 2487.01806641 232.5
v 3868.86743164 2486.43237305 232.5
v 3868.28149414 2485.98291016 232.5
v 3867.59936523 2485.70019531 232.5
v 3866.86743164 2485.60375977 232.5
v 3865.52416992 2485.60375977 232.5
v 3864.79223633 2485.70019531 232.5
v 3864.10986328 2485.98291016 232.5
v 3863.52416992 2486.43237305 232.5
v 3863.07470703 2487.01806641 232.5
v 3862.79223633 2487.70019531 232.5
v 3873.69580078 2491.93237305 172.5
v 3873.69580078 2484.93237305 172.5
v 3865.52416992 2491.93237305 172.5
v 3865.52416992 2491.93237305 157.5
v 3864.79223633 2491.8359375 172.5
v 3864.79223633 2491.8359375 157.5
v 3864.10986328 2491.5534668 172.5
v 3864.10986328 2491.5534668 157.5
v 3863.52416992 2491.10375977 172.5
v 3863.52416992 2491.10375977 157.5
v 3863.07470703 2490.51806641 172.5
v 3863.07470703 2490.51806641 157.5
v 3862.79223633 2489.8359375 172.5
v 3862.79223633 2489.8359375 157.5
v 3862.69580078 2489.10375977 172.5
v 3862.69580078 2489.10375977 157.5
v 3865.52416992 2484.93237305 172.5
v 3862.69580078 2487.76074219 172.5
v 3862.79223633 2487.02856445 172.5
v 3863.07470703 2486.34643555 172.5
v 3863.52416992 2485.76074219 172.5
v 3864.10986328 2485.3112793 172.5
v 3864.79223633 2485.02856445 172.5
v 3862.69580078 2496.60375977 157.5
v 3869.69580078 2496.60375977 157.5
v 3633.69580078 2484.07617188 7.50000095
v 3623.69580078 2481.6315918 7.50000095
v 3633.69580078 2484.07617188 2.50000095
v 3623.69580078 2481.6315918 2.50000095
v 3628.69580078 2485.35375977 10.00000095
v 3628.69580078 2487.85375977 10.00000095
v 3628.69580078 2485.35375977 7.50000095
v 3628.69580078 2487.85375977 7.50000095
v 3638.69580078 2485.35375977 10.00000095
v 3638.69580078 2485.35375977 7.50000095
v 3638.69580078 2487.85375977 10.00000095
v 3638.69580078 2487.85375977 7.50000095
v 3623.69580078 2481.57617188 7.50000095
v 3623.69580078 2481.57617188 2.50000095
v 3673.30761719 2485.1550293 7.50000095
v 3672.94580078 2485.30493164 7.50000095
v 3448.69580078 2496.60375977 7.50000095
v 3593.69580078 2488.10375977 7.50000095
v 3594.08398438 2488.05273438 7.50000095
v 3672.19580078 2486.60375977 7.50000095
v 3672.24682617 2486.9921875 7.50000095
v 3672.39672852 2487.35375977 7.50000095
v 4198.69580078 2476.60375977 7.50000095
v 4043.69580078 2481.57617188 7.50000095
v 3468.69580078 2476.60375977 7.50000095
v 3593.69580078 2485.10375977 7.50000095
v 3594.08398438 2485.1550293 7.50000095
v 3594.44580078 2485.30493164 7.50000095
v 3594.75634766 2485.54321289 7.50000095
v 3594.99487305 2485.85375977 7.50000095
v 3595.14477539 2486.21557617 7.50000095
v 3595.19580078 2486.60375977 7.50000095
v 3595.14477539 2486.9921875 7.50000095
v 3594.99487305 2487.35375977 7.50000095
v 3594.75634766 2487.66455078 7.50000095
v 3594.44580078 2487.90283203 7.50000095
v 4198.69580078 1946.60388184 7.50000095
v 4207.19580078 2271.60375977 7.50000095
v 4207.41796875 2306.60375977 7.50000095
v 4207.41796875 2316.60375977 7.50000095
v 3468.69580078 1946.60388184 7.50000095
v 3843.69580078 1941.6315918 7.50000095
v 4023.69580078 1941.60388184 7.50000095
v 4043.69580078 1941.6315918 7.50000095
v 4033.69580078 1939.1315918 7.50000095
v 3468.69580078 2161.60375977 7.50000095
v 3463.69580078 2101.60375977 7.50000095
v 3460.19580078 2071.60375977 7.50000095
v 3460.14477539 2071.21557617 7.50000095
v 3448.69580078 2161.60375977 7.50000095
v 3458.69580078 2153.10375977 7.50000095
v 3459.08398438 2153.05273438 7.50000095
v 3459.44580078 2152.90283203 7.50000095
v 3448.69580078 1926.60388184 7.50000095
v 3453.69580078 2101.60375977 7.50000095
v 3453.72338867 2121.60375977 7.50000095
v 3457.39672852 2150.85375977 7.50000095
v 3457.63500977 2150.54321289 7.50000095
v 3457.94580078 2150.30493164 7.50000095
v 3458.30761719 2150.1550293 7.50000095
v 3458.69580078 2150.10375977 7.50000095
v 3463.72338867 2121.60375977 7.50000095
v 3459.08398438 2150.1550293 7.50000095
v 3459.44580078 2150.30493164 7.50000095
v 3459.75634766 2150.54321289 7.50000095
v 3459.99487305 2150.85375977 7.50000095
v 3460.14477539 2151.21557617 7.50000095
v 3460.19580078 2151.60375977 7.50000095
v 3460.14477539 2151.9921875 7.50000095
v 3459.99487305 2152.35375977 7.50000095
v 3459.75634766 2152.66455078 7.50000095
v 4218.69580078 1926.60388184 7.50000095
v 3843.69580078 1931.6315918 7.50000095
v 3823.69580078 1931.6315918 7.50000095
v 3643.69580078 1931.60388184 7.50000095
v 3793.69580078 1935.10388184 7.50000095
v 3673.69580078 1935.10388184 7.50000095
v 3793.30761719 1935.1550293 7.50000095
v 3674.08398438 1935.1550293 7.50000095
v 3792.94580078 1935.30480957 7.50000095
v 3674.44580078 1935.30480957 7.50000095
v 3792.63500977 1935.54321289 7.50000095
v 3674.75634766 1935.54321289 7.50000095
v 3792.39672852 1935.85388184 7.50000095
v 3674.99487305 1935.85388184 7.50000095
v 3792.24682617 1936.21569824 7.50000095
v 3675.14477539 1936.21569824 7.50000095
v 3792.19580078 1936.60388184 7.50000095
v 3675.19580078 1936.60388184 7.50000095
v 3675.14477539 1936.99206543 7.50000095
v 3792.24682617 1936.99206543 7.50000095
v 3674.99487305 1937.35388184 7.50000095
v 3792.39672852 1937.35388184 7.50000095
v 3674.75634766 1937.66455078 7.50000095
v 3792.63500977 1937.66455078 7.50000095
v 3674.44580078 1937.9029541 7.50000095
v 3792.94580078 1937.9029541 7.50000095
v 3674.08398438 1938.05273438 7.50000095
v 3793.30761719 1938.05273438 7.50000095
v 3673.69580078 1938.10388184 7.50000095
v 3793.69580078 1938.10388184 7.50000095
v 3823.69580078 1941.6315918 7.50000095
v 3794.08398438 1938.05273438 7.50000095
v 3794.44580078 1937.9029541 7.50000095
v 4218.69580078 2496.60375977 7.50000095
v 4213.69580078 2301.60375977 7.50000095
v 4213.66796875 2121.60375977 7.50000095
v 4213.69580078 2101.60375977 7.50000095
v 4211.22363281 2111.60375977 7.50000095
v 3843.69580078 2491.57617188 7.50000095
v 3993.69580078 2488.10375977 7.50000095
v 4028.69580078 2487.85375977 7.50000095
v 3994.08398438 2488.05273438 7.50000095
v 3994.44580078 2487.90283203 7.50000095
v 3448.69580078 2261.60375977 7.50000095
v 3453.69580078 2321.60375977 7.50000095
v 3457.19580078 2351.60375977 7.50000095
v 3457.24682617 2351.9921875 7.50000095
v 3468.69580078 2261.60375977 7.50000095
v 3458.69580078 2270.10375977 7.50000095
v 3458.30761719 2270.1550293 7.50000095
v 3457.94580078 2270.30493164 7.50000095
v 3463.69580078 2321.60375977 7.50000095
v 3463.69580078 2301.60375977 7.50000095
v 3459.99487305 2272.35375977 7.50000095
v 3459.75634766 2272.66455078 7.50000095
v 3459.44580078 2272.90283203 7.50000095
v 3459.08398438 2273.05273438 7.50000095
v 3458.69580078 2273.10375977 7.50000095
v 3453.69580078 2301.60375977 7.50000095
v 3458.30761719 2273.05273438 7.50000095
v 3457.94580078 2272.90283203 7.50000095
v 3457.63500977 2272.66455078 7.50000095
v 3457.39672852 2272.35375977 7.50000095
v 3457.24682617 2271.9921875 7.50000095
v 3457.19580078 2271.60375977 7.50000095
v 3457.24682617 2271.21557617 7.50000095
v 3457.39672852 2270.85375977 7.50000095
v 3457.63500977 2270.54321289 7.50000095
v 3460.14477539 2271.9921875 7.50000095
v 3460.19580078 2271.60375977 7.50000095
v 3460.14477539 2271.21557617 7.50000095
v 3459.99487305 2270.85375977 7.50000095
v 3459.75634766 2270.54321289 7.50000095
v 3459.44580078 2270.30493164 7.50000095
v 3459.08398438 2270.1550293 7.50000095
v 3593.30761719 2485.1550293 7.50000095
v 3592.94580078 2485.30493164 7.50000095
v 3592.63500977 2485.54321289 7.50000095
v 3592.39672852 2485.85375977 7.50000095
v 3474.99487305 2485.85375977 7.50000095
v 3474.75634766 2485.54321289 7.50000095
v 3474.44580078 2485.30493164 7.50000095
v 3474.08398438 2485.1550293 7.50000095
v 3592.24682617 2486.21557617 7.50000095
v 3475.14477539 2486.21557617 7.50000095
v 3592.19580078 2486.60375977 7.50000095
v 3475.19580078 2486.60375977 7.50000095
v 3475.14477539 2486.9921875 7.50000095
v 3592.24682617 2486.9921875 7.50000095
v 3474.99487305 2487.35375977 7.50000095
v 3592.39672852 2487.35375977 7.50000095
v 3474.75634766 2487.66455078 7.50000095
v 3592.63500977 2487.66455078 7.50000095
v 3474.44580078 2487.90283203 7.50000095
v 3592.94580078 2487.90283203 7.50000095
v 3474.08398438 2488.05273438 7.50000095
v 3593.30761719 2488.05273438 7.50000095
v 3473.69580078 2485.10375977 7.50000095
v 3473.30761719 2485.1550293 7.50000095
v 3472.94580078 2485.30493164 7.50000095
v 3472.63500977 2485.54321289 7.50000095
v 3472.39672852 2485.85375977 7.50000095
v 3472.24682617 2486.21557617 7.50000095
v 3472.19580078 2486.60375977 7.50000095
v 3472.24682617 2486.9921875 7.50000095
v 3472.39672852 2487.35375977 7.50000095
v 3472.63500977 2487.66455078 7.50000095
v 3472.94580078 2487.90283203 7.50000095
v 3473.30761719 2488.05273438 7.50000095
v 3473.69580078 2488.10375977 7.50000095
v 3459.08398438 2353.05273438 7.50000095
v 3459.08398438 2470.1550293 7.50000095
v 3458.69580078 2353.10375977 7.50000095
v 3458.69580078 2470.10375977 7.50000095
v 3458.30761719 2353.05273438 7.50000095
v 3458.30761719 2470.1550293 7.50000095
v 3457.94580078 2352.90283203 7.50000095
v 3457.94580078 2470.30493164 7.50000095
v 3457.63500977 2352.66455078 7.50000095
v 3457.63500977 2470.54321289 7.50000095
v 3457.39672852 2352.35375977 7.50000095
v 3457.39672852 2470.85375977 7.50000095
v 3457.24682617 2471.21557617 7.50000095
v 3457.19580078 2471.60375977 7.50000095
v 3457.24682617 2471.9921875 7.50000095
v 3459.44580078 2470.30493164 7.50000095
v 3459.44580078 2352.90283203 7.50000095
v 3459.75634766 2352.66455078 7.50000095
v 3459.99487305 2352.35375977 7.50000095
v 3460.14477539 2351.9921875 7.50000095
v 3460.19580078 2351.60375977 7.50000095
v 3460.14477539 2351.21557617 7.50000095
v 3459.99487305 2350.85375977 7.50000095
v 3459.75634766 2350.54321289 7.50000095
v 3459.44580078 2350.30493164 7.50000095
v 3459.08398438 2350.1550293 7.50000095
v 3458.69580078 2350.10375977 7.50000095
v 3458.30761719 2350.1550293 7.50000095
v 3457.94580078 2350.30493164 7.50000095
v 3457.63500977 2350.54321289 7.50000095
v 3457.39672852 2350.85375977 7.50000095
v 3457.24682617 2351.21557617 7.50000095
v 3459.08398438 2473.05273438 7.50000095
v 3458.69580078 2473.10375977 7.50000095
v 3458.30761719 2473.05273438 7.50000095
v 3457.94580078 2472.90283203 7.50000095
v 3457.63500977 2472.66455078 7.50000095
v 3457.39672852 2472.35375977 7.50000095
v 3459.44580078 2472.90283203 7.50000095
v 3459.75634766 2472.66455078 7.50000095
v 3459.99487305 2472.35375977 7.50000095
v 3460.14477539 2471.9921875 7.50000095
v 3460.19580078 2471.60375977 7.50000095
v 3460.14477539 2471.21557617 7.50000095
v 3459.99487305 2470.85375977 7.50000095
v 3459.75634766 2470.54321289 7.50000095
v 3461.22338867 2311.60375977 7.50000095
v 3456.16796875 2311.60375977 7.50000095
v 3675.14477539 2486.9921875 7.50000095
v 3675.19580078 2486.60375977 7.50000095
v 3792.19580078 2486.60375977 7.50000095
v 3675.14477539 2486.21557617 7.50000095
v 3792.24682617 2486.21557617 7.50000095
v 3674.99487305 2485.85375977 7.50000095
v 3792.39672852 2485.85375977 7.50000095
v 3674.75634766 2485.54321289 7.50000095
v 3792.63500977 2485.54321289 7.50000095
v 3674.44580078 2485.30493164 7.50000095
v 3792.94580078 2485.30493164 7.50000095
v 3674.08398438 2485.1550293 7.50000095
v 3793.30761719 2485.1550293 7.50000095
v 3673.69580078 2485.10375977 7.50000095
v 3793.69580078 2485.10375977 7.50000095
v 3672.63500977 2485.54321289 7.50000095
v 3672.39672852 2485.85375977 7.50000095
v 3672.24682617 2486.21557617 7.50000095
v 3672.63500977 2487.66455078 7.50000095
v 3672.94580078 2487.90283203 7.50000095
v 3673.30761719 2488.05273438 7.50000095
v 3673.69580078 2488.10375977 7.50000095
v 3674.08398438 2488.05273438 7.50000095
v 3793.30761719 2488.05273438 7.50000095
v 3793.69580078 2488.10375977 7.50000095
v 3823.69580078 2491.57617188 7.50000095
v 3794.08398438 2488.05273438 7.50000095
v 3794.44580078 2487.90283203 7.50000095
v 3792.94580078 2487.90283203 7.50000095
v 3674.44580078 2487.90283203 7.50000095
v 3792.63500977 2487.66455078 7.50000095
v 3674.75634766 2487.66455078 7.50000095
v 3792.39672852 2487.35375977 7.50000095
v 3674.99487305 2487.35375977 7.50000095
v 3792.24682617 2486.9921875 7.50000095
v 3795.14477539 2486.9921875 7.50000095
v 3795.19580078 2486.60375977 7.50000095
v 3795.14477539 2486.21557617 7.50000095
v 3794.99487305 2485.85375977 7.50000095
v 3828.69580078 2485.29858398 7.50000095
v 3794.75634766 2485.54321289 7.50000095
v 3794.44580078 2485.30493164 7.50000095
v 3794.08398438 2485.1550293 7.50000095
v 3873.69580078 2485.10375977 7.50000095
v 3993.69580078 2485.10375977 7.50000095
v 3994.08398438 2485.1550293 7.50000095
v 4033.69580078 2484.07617188 7.50000095
v 4028.69580078 2485.35375977 7.50000095
v 4038.69580078 2485.35375977 7.50000095
v 4043.69580078 2481.6315918 7.50000095
v 4038.69580078 2487.85375977 7.50000095
v 4072.39672852 2487.35375977 7.50000095
v 4072.63500977 2487.66455078 7.50000095
v 3794.75634766 2487.66455078 7.50000095
v 3794.99487305 2487.35375977 7.50000095
v 3833.69580078 2489.07617188 7.50000095
v 3838.69580078 2487.79858398 7.50000095
v 3843.69580078 2491.54858398 7.50000095
v 3838.69580078 2485.29858398 7.50000095
v 3872.39672852 2485.85375977 7.50000095
v 3872.63500977 2485.54321289 7.50000095
v 3872.94580078 2485.30493164 7.50000095
v 3873.30761719 2485.1550293 7.50000095
v 3828.69580078 2487.79858398 7.50000095
v 3833.69580078 2489.1315918 7.50000095
v 3872.39672852 2487.35375977 7.50000095
v 3872.63500977 2487.66455078 7.50000095
v 3872.94580078 2487.90283203 7.50000095
v 3872.24682617 2486.21557617 7.50000095
v 3872.19580078 2486.60375977 7.50000095
v 3872.24682617 2486.9921875 7.50000095
v 3873.30761719 2488.05273438 7.50000095
v 3873.69580078 2488.10375977 7.50000095
v 3993.30761719 2488.05273438 7.50000095
v 3874.08398438 2488.05273438 7.50000095
v 3992.94580078 2487.90283203 7.50000095
v 3874.44580078 2487.90283203 7.50000095
v 3992.63500977 2487.66455078 7.50000095
v 3874.75634766 2487.66455078 7.50000095
v 3992.39672852 2487.35375977 7.50000095
v 3874.99487305 2487.35375977 7.50000095
v 3992.24682617 2486.9921875 7.50000095
v 3875.14477539 2486.9921875 7.50000095
v 3992.19580078 2486.60375977 7.50000095
v 3875.19580078 2486.60375977 7.50000095
v 3875.14477539 2486.21557617 7.50000095
v 3992.24682617 2486.21557617 7.50000095
v 3874.99487305 2485.85375977 7.50000095
v 3992.39672852 2485.85375977 7.50000095
v 3874.75634766 2485.54321289 7.50000095
v 3992.63500977 2485.54321289 7.50000095
v 3874.44580078 2485.30493164 7.50000095
v 3992.94580078 2485.30493164 7.50000095
v 3874.08398438 2485.1550293 7.50000095
v 3993.30761719 2485.1550293 7.50000095
v 3994.75634766 2487.66455078 7.50000095
v 3994.99487305 2487.35375977 7.50000095
v 3995.14477539 2486.9921875 7.50000095
v 3995.19580078 2486.60375977 7.50000095
v 3995.14477539 2486.21557617 7.50000095
v 3994.99487305 2485.85375977 7.50000095
v 3994.75634766 2485.54321289 7.50000095
v 3994.44580078 2485.30493164 7.50000095
v 3833.69580078 1939.1315918 7.50000095
v 3643.69580078 1941.60388184 7.50000095
v 3623.69580078 1941.6315918 7.50000095
v 3633.69580078 1939.1315918 7.50000095
v 3872.19580078 1936.60388184 7.50000095
v 3872.24682617 1936.99206543 7.50000095
v 3872.39672852 1937.35388184 7.50000095
v 3833.69580078 1934.07617188 7.50000095
v 3795.19580078 1936.60388184 7.50000095
v 3795.14477539 1936.21569824 7.50000095
v 3794.99487305 1935.85388184 7.50000095
v 4072.39672852 2485.85375977 7.50000095
v 4072.24682617 2486.21557617 7.50000095
v 4072.19580078 2486.60375977 7.50000095
v 3457.24682617 2151.21557617 7.50000095
v 3457.19580078 2151.60375977 7.50000095
v 3457.24682617 2151.9921875 7.50000095
v 3457.39672852 2152.35375977 7.50000095
v 3457.63500977 2152.66455078 7.50000095
v 3457.94580078 2152.90283203 7.50000095
v 3458.30761719 2153.05273438 7.50000095
v 3461.22338867 2111.60375977 7.50000095
v 3458.69580078 2073.10375977 7.50000095
v 3459.08398438 2073.05273438 7.50000095
v 3459.44580078 2072.90283203 7.50000095
v 3456.16796875 2111.60375977 7.50000095
v 3595.14477539 1936.21569824 7.50000095
v 3623.69580078 1931.6315918 7.50000095
v 3595.19580078 1936.60388184 7.50000095
v 3595.14477539 1936.99206543 7.50000095
v 3594.99487305 1937.35388184 7.50000095
v 3594.75634766 1937.66455078 7.50000095
v 3594.44580078 1937.9029541 7.50000095
v 3594.08398438 1938.05273438 7.50000095
v 3593.69580078 1938.10388184 7.50000095
v 3593.30761719 1938.05273438 7.50000095
v 3592.94580078 1937.9029541 7.50000095
v 3592.63500977 1937.66455078 7.50000095
v 3474.75634766 1937.66455078 7.50000095
v 3474.99487305 1937.35388184 7.50000095
v 3594.99487305 1935.85388184 7.50000095
v 3594.75634766 1935.54321289 7.50000095
v 3594.44580078 1935.30480957 7.50000095
v 3594.08398438 1935.1550293 7.50000095
v 3593.69580078 1935.10388184 7.50000095
v 3593.30761719 1935.1550293 7.50000095
v 3474.08398438 1935.1550293 7.50000095
v 3592.94580078 1935.30480957 7.50000095
v 3474.44580078 1935.30480957 7.50000095
v 3592.63500977 1935.54321289 7.50000095
v 3474.75634766 1935.54321289 7.50000095
v 3592.39672852 1935.85388184 7.50000095
v 3474.99487305 1935.85388184 7.50000095
v 3592.24682617 1936.21569824 7.50000095
v 3475.14477539 1936.21569824 7.50000095
v 3592.19580078 1936.60388184 7.50000095
v 3475.19580078 1936.60388184 7.50000095
v 3475.14477539 1936.99206543 7.50000095
v 3592.24682617 1936.99206543 7.50000095
v 3592.39672852 1937.35388184 7.50000095
v 3473.69580078 1935.10388184 7.50000095
v 3473.30761719 1935.1550293 7.50000095
v 3472.94580078 1935.30480957 7.50000095
v 3472.63500977 1935.54321289 7.50000095
v 3472.39672852 1935.85388184 7.50000095
v 3472.24682617 1936.21569824 7.50000095
v 3472.19580078 1936.60388184 7.50000095
v 3472.24682617 1936.99206543 7.50000095
v 3472.39672852 1937.35388184 7.50000095
v 3472.63500977 1937.66455078 7.50000095
v 3472.94580078 1937.9029541 7.50000095
v 3473.30761719 1938.05273438 7.50000095
v 3473.69580078 1938.10388184 7.50000095
v 3474.08398438 1938.05273438 7.50000095
v 3474.44580078 1937.9029541 7.50000095
v 3458.30761719 2070.1550293 7.50000095
v 3458.30761719 1953.05273438 7.50000095
v 3458.69580078 2070.10375977 7.50000095
v 3458.69580078 1953.10388184 7.50000095
v 3459.08398438 2070.1550293 7.50000095
v 3459.08398438 1953.05273438 7.50000095
v 3459.44580078 2070.30493164 7.50000095
v 3459.44580078 1952.9029541 7.50000095
v 3459.75634766 1952.66455078 7.50000095
v 3459.99487305 1952.35388184 7.50000095
v 3457.94580078 1952.9029541 7.50000095
v 3457.94580078 2070.30493164 7.50000095
v 3457.63500977 1952.66455078 7.50000095
v 3457.63500977 2070.54321289 7.50000095
v 3457.39672852 1952.35388184 7.50000095
v 3457.39672852 2070.85375977 7.50000095
v 3457.24682617 1951.99206543 7.50000095
v 3457.24682617 2071.21557617 7.50000095
v 3457.19580078 2071.60375977 7.50000095
v 3457.24682617 2071.9921875 7.50000095
v 3457.39672852 2072.35375977 7.50000095
v 3457.63500977 2072.66455078 7.50000095
v 3457.94580078 2072.90283203 7.50000095
v 3458.30761719 2073.05273438 7.50000095
v 3459.75634766 2072.66455078 7.50000095
v 3459.99487305 2072.35375977 7.50000095
v 3460.14477539 2071.9921875 7.50000095
v 3459.99487305 2070.85375977 7.50000095
v 3459.75634766 2070.54321289 7.50000095
v 3458.30761719 1950.1550293 7.50000095
v 3458.69580078 1950.10388184 7.50000095
v 3459.08398438 1950.1550293 7.50000095
v 3459.44580078 1950.30480957 7.50000095
v 3459.75634766 1950.54321289 7.50000095
v 3459.99487305 1950.85388184 7.50000095
v 3460.14477539 1951.21569824 7.50000095
v 3460.19580078 1951.60388184 7.50000095
v 3460.14477539 1951.99206543 7.50000095
v 3457.94580078 1950.30480957 7.50000095
v 3457.63500977 1950.54321289 7.50000095
v 3457.39672852 1950.85388184 7.50000095
v 3457.24682617 1951.21569824 7.50000095
v 3457.19580078 1951.60388184 7.50000095
v 3673.30761719 1935.1550293 7.50000095
v 3672.94580078 1935.30480957 7.50000095
v 3672.63500977 1935.54321289 7.50000095
v 3672.39672852 1935.85388184 7.50000095
v 3672.24682617 1936.21569824 7.50000095
v 3672.19580078 1936.60388184 7.50000095
v 3672.24682617 1936.99206543 7.50000095
v 3672.39672852 1937.35388184 7.50000095
v 3672.63500977 1937.66455078 7.50000095
v 3672.94580078 1937.9029541 7.50000095
v 3673.30761719 1938.05273438 7.50000095
v 3794.75634766 1935.54321289 7.50000095
v 3794.44580078 1935.30480957 7.50000095
v 3794.08398438 1935.1550293 7.50000095
v 3794.75634766 1937.66455078 7.50000095
v 3794.99487305 1937.35388184 7.50000095
v 3795.14477539 1936.99206543 7.50000095
v 4043.69580078 1941.44677734 7.50000095
v 4072.39672852 1937.35388184 7.50000095
v 4072.63500977 1937.66455078 7.50000095
v 4072.94580078 1937.9029541 7.50000095
v 4033.69580078 1938.94677734 7.50000095
v 4038.69580078 1937.66918945 7.50000095
v 4038.69580078 1935.16918945 7.50000095
v 4072.39672852 1935.85388184 7.50000095
v 4072.63500977 1935.54321289 7.50000095
v 4072.94580078 1935.30480957 7.50000095
v 4073.30761719 1935.1550293 7.50000095
v 4073.69580078 1935.10388184 7.50000095
v 4074.08398438 1935.1550293 7.50000095
v 4193.30761719 1935.1550293 7.50000095
v 4192.94580078 1935.30480957 7.50000095
v 4028.69580078 1937.66918945 7.50000095
v 4023.69580078 1941.41918945 7.50000095
v 4028.69580078 1935.16918945 7.50000095
v 3994.99487305 1935.85388184 7.50000095
v 3994.75634766 1935.54321289 7.50000095
v 3994.99487305 1937.35388184 7.50000095
v 3995.14477539 1936.99206543 7.50000095
v 3995.19580078 1936.60388184 7.50000095
v 3992.24682617 1936.99206543 7.50000095
v 3875.14477539 1936.99206543 7.50000095
v 3992.19580078 1936.60388184 7.50000095
v 3875.19580078 1936.60388184 7.50000095
v 3875.14477539 1936.21569824 7.50000095
v 3874.99487305 1937.35388184 7.50000095
v 3992.39672852 1937.35388184 7.50000095
v 3874.75634766 1937.66455078 7.50000095
v 3992.63500977 1937.66455078 7.50000095
v 3874.44580078 1937.9029541 7.50000095
v 3992.94580078 1937.9029541 7.50000095
v 3874.08398438 1938.05273438 7.50000095
v 3993.30761719 1938.05273438 7.50000095
v 3873.69580078 1938.10388184 7.50000095
v 3993.69580078 1938.10388184 7.50000095
v 3994.08398438 1938.05273438 7.50000095
v 3994.44580078 1937.9029541 7.50000095
v 3994.75634766 1937.66455078 7.50000095
v 3995.14477539 1936.21569824 7.50000095
v 3994.44580078 1935.30480957 7.50000095
v 3994.08398438 1935.1550293 7.50000095
v 3993.69580078 1935.10388184 7.50000095
v 3993.30761719 1935.1550293 7.50000095
v 3873.69580078 1935.10388184 7.50000095
v 3874.08398438 1935.1550293 7.50000095
v 3992.94580078 1935.30480957 7.50000095
v 3874.44580078 1935.30480957 7.50000095
v 3992.63500977 1935.54321289 7.50000095
v 3874.75634766 1935.54321289 7.50000095
v 3992.39672852 1935.85388184 7.50000095
v 3874.99487305 1935.85388184 7.50000095
v 3992.24682617 1936.21569824 7.50000095
v 3872.63500977 1937.66455078 7.50000095
v 3872.94580078 1937.9029541 7.50000095
v 3873.30761719 1938.05273438 7.50000095
v 3873.30761719 1935.1550293 7.50000095
v 3872.94580078 1935.30480957 7.50000095
v 3872.63500977 1935.54321289 7.50000095
v 3872.39672852 1935.85388184 7.50000095
v 3872.24682617 1936.21569824 7.50000095
v 3633.69580078 1934.07617188 7.50000095
v 4207.41796875 2106.60375977 7.50000095
v 4209.91796875 2106.60375977 7.50000095
v 4211.19580078 2111.60375977 7.50000095
v 4209.91796875 2116.60375977 7.50000095
v 4207.41796875 2116.60375977 7.50000095
v 4207.94580078 2150.30493164 7.50000095
v 4207.63525391 2150.54321289 7.50000095
v 4207.19580078 2071.60375977 7.50000095
v 4207.24707031 2071.9921875 7.50000095
v 4211.19580078 2311.60375977 7.50000095
v 4209.91796875 2306.60375977 7.50000095
v 4207.94580078 2272.90283203 7.50000095
v 4207.63525391 2272.66455078 7.50000095
v 4207.39697266 2272.35375977 7.50000095
v 4207.24707031 2271.9921875 7.50000095
v 4209.91796875 2316.60375977 7.50000095
v 4213.66796875 2321.60375977 7.50000095
v 4207.94580078 2350.30493164 7.50000095
v 4207.63525391 2350.54321289 7.50000095
v 4213.69580078 2321.60375977 7.50000095
v 4209.08398438 2350.1550293 7.50000095
v 4208.69580078 2350.10375977 7.50000095
v 4208.30761719 2350.1550293 7.50000095
v 4211.22363281 2311.60375977 7.50000095
v 4210.19580078 2351.60375977 7.50000095
v 4210.14453125 2351.9921875 7.50000095
v 4210.14453125 2471.21557617 7.50000095
v 4209.99462891 2352.35375977 7.50000095
v 4209.99462891 2470.85375977 7.50000095
v 4209.75634766 2352.66455078 7.50000095
v 4209.75634766 2470.54321289 7.50000095
v 4209.44580078 2352.90283203 7.50000095
v 4209.44580078 2470.30493164 7.50000095
v 4209.08398438 2353.05273438 7.50000095
v 4209.08398438 2470.1550293 7.50000095
v 4208.69580078 2353.10375977 7.50000095
v 4208.69580078 2470.10375977 7.50000095
v 4208.30761719 2353.05273438 7.50000095
v 4208.30761719 2470.1550293 7.50000095
v 4207.94580078 2352.90283203 7.50000095
v 4207.94580078 2470.30493164 7.50000095
v 4207.63525391 2470.54321289 7.50000095
v 4207.39697266 2470.85375977 7.50000095
v 4208.30761719 2270.1550293 7.50000095
v 4208.30761719 2153.05273438 7.50000095
v 4208.69580078 2270.10375977 7.50000095
v 4208.69580078 2153.10375977 7.50000095
v 4209.08398438 2270.1550293 7.50000095
v 4209.08398438 2153.05273438 7.50000095
v 4209.44580078 2270.30493164 7.50000095
v 4209.44580078 2152.90283203 7.50000095
v 4209.75634766 2270.54321289 7.50000095
v 4209.75634766 2152.66455078 7.50000095
v 4209.99462891 2270.85375977 7.50000095
v 4209.99462891 2152.35375977 7.50000095
v 4210.14453125 2271.21557617 7.50000095
v 4210.14453125 2151.9921875 7.50000095
v 4210.19580078 2271.60375977 7.50000095
v 4210.19580078 2151.60375977 7.50000095
v 4207.94580078 2152.90283203 7.50000095
v 4207.94580078 2270.30493164 7.50000095
v 4207.63525391 2152.66455078 7.50000095
v 4207.63525391 2270.54321289 7.50000095
v 4207.39697266 2152.35375977 7.50000095
v 4207.39697266 2270.85375977 7.50000095
v 4207.24707031 2151.9921875 7.50000095
v 4207.24707031 2271.21557617 7.50000095
v 4207.19580078 2151.60375977 7.50000095
v 4208.30761719 2273.05273438 7.50000095
v 4208.69580078 2273.10375977 7.50000095
v 4209.08398438 2273.05273438 7.50000095
v 4209.44580078 2272.90283203 7.50000095
v 4209.75634766 2272.66455078 7.50000095
v 4209.99462891 2272.35375977 7.50000095
v 4210.14453125 2271.9921875 7.50000095
v 4209.08398438 2150.1550293 7.50000095
v 4208.69580078 2150.10375977 7.50000095
v 4208.30761719 2150.1550293 7.50000095
v 4207.39697266 2150.85375977 7.50000095
v 4207.24707031 2151.21557617 7.50000095
v 4210.14453125 2151.21557617 7.50000095
v 4209.99462891 2150.85375977 7.50000095
v 4209.75634766 2150.54321289 7.50000095
v 4209.44580078 2150.30493164 7.50000095
v 4073.69580078 2488.10375977 7.50000095
v 4074.08398438 2488.05273438 7.50000095
v 4072.24682617 2486.9921875 7.50000095
v 4072.94580078 2487.90283203 7.50000095
v 4073.30761719 2488.05273438 7.50000095
v 4074.44580078 2487.90283203 7.50000095
v 4192.94580078 2487.90283203 7.50000095
v 4193.30761719 2488.05273438 7.50000095
v 4193.69580078 2488.10375977 7.50000095
v 4194.08398438 2488.05273438 7.50000095
v 4192.63525391 2487.66455078 7.50000095
v 4074.75634766 2487.66455078 7.50000095
v 4192.39697266 2487.35375977 7.50000095
v 4074.99487305 2487.35375977 7.50000095
v 4192.24707031 2486.9921875 7.50000095
v 4075.14477539 2486.9921875 7.50000095
v 4192.19580078 2486.60375977 7.50000095
v 4075.19580078 2486.60375977 7.50000095
v 4075.14477539 2486.21557617 7.50000095
v 4192.24707031 2486.21557617 7.50000095
v 4074.99487305 2485.85375977 7.50000095
v 4192.39697266 2485.85375977 7.50000095
v 4074.75634766 2485.54321289 7.50000095
v 4192.63525391 2485.54321289 7.50000095
v 4192.94580078 2485.30493164 7.50000095
v 4193.30761719 2485.1550293 7.50000095
v 4193.69580078 2485.10375977 7.50000095
v 4194.08398438 2485.1550293 7.50000095
v 4194.44580078 2485.30493164 7.50000095
v 4194.75634766 2485.54321289 7.50000095
v 4194.99462891 2485.85375977 7.50000095
v 4195.14453125 2486.21557617 7.50000095
v 4195.19580078 2486.60375977 7.50000095
v 4195.14453125 2486.9921875 7.50000095
v 4194.99462891 2487.35375977 7.50000095
v 4194.75634766 2487.66455078 7.50000095
v 4194.44580078 2487.90283203 7.50000095
v 4074.44580078 2485.30493164 7.50000095
v 4074.08398438 2485.1550293 7.50000095
v 4073.69580078 2485.10375977 7.50000095
v 4073.30761719 2485.1550293 7.50000095
v 4072.94580078 2485.30493164 7.50000095
v 4072.63500977 2485.54321289 7.50000095
v 4210.14453125 2351.21557617 7.50000095
v 4209.99462891 2350.85375977 7.50000095
v 4209.75634766 2350.54321289 7.50000095
v 4209.44580078 2350.30493164 7.50000095
v 4207.39697266 2350.85375977 7.50000095
v 4207.24707031 2351.21557617 7.50000095
v 4207.19580078 2351.60375977 7.50000095
v 4207.24707031 2351.9921875 7.50000095
v 4207.39697266 2352.35375977 7.50000095
v 4207.63525391 2352.66455078 7.50000095
v 4209.08398438 2473.05273438 7.50000095
v 4208.69580078 2473.10375977 7.50000095
v 4208.30761719 2473.05273438 7.50000095
v 4207.94580078 2472.90283203 7.50000095
v 4207.63525391 2472.66455078 7.50000095
v 4207.39697266 2472.35375977 7.50000095
v 4207.24707031 2471.9921875 7.50000095
v 4207.19580078 2471.60375977 7.50000095
v 4207.24707031 2471.21557617 7.50000095
v 4209.44580078 2472.90283203 7.50000095
v 4209.75634766 2472.66455078 7.50000095
v 4209.99462891 2472.35375977 7.50000095
v 4210.14453125 2471.9921875 7.50000095
v 4210.19580078 2471.60375977 7.50000095
v 4072.24682617 1936.21569824 7.50000095
v 4072.19580078 1936.60388184 7.50000095
v 4072.24682617 1936.99206543 7.50000095
v 4073.30761719 1938.05273438 7.50000095
v 4073.69580078 1938.10388184 7.50000095
v 4074.08398438 1938.05273438 7.50000095
v 4074.44580078 1937.9029541 7.50000095
v 4074.75634766 1937.66455078 7.50000095
v 4192.63525391 1937.66455078 7.50000095
v 4192.94580078 1937.9029541 7.50000095
v 4192.39697266 1937.35388184 7.50000095
v 4074.99487305 1937.35388184 7.50000095
v 4192.24707031 1936.99206543 7.50000095
v 4075.14477539 1936.99206543 7.50000095
v 4192.19580078 1936.60388184 7.50000095
v 4075.19580078 1936.60388184 7.50000095
v 4075.14477539 1936.21569824 7.50000095
v 4192.24707031 1936.21569824 7.50000095
v 4074.99487305 1935.85388184 7.50000095
v 4192.39697266 1935.85388184 7.50000095
v 4074.75634766 1935.54321289 7.50000095
v 4192.63525391 1935.54321289 7.50000095
v 4074.44580078 1935.30480957 7.50000095
v 4193.30761719 1938.05273438 7.50000095
v 4193.69580078 1938.10388184 7.50000095
v 4194.08398438 1938.05273438 7.50000095
v 4194.44580078 1937.9029541 7.50000095
v 4194.75634766 1937.66455078 7.50000095
v 4194.99462891 1937.35388184 7.50000095
v 4195.14453125 1936.99206543 7.50000095
v 4208.69580078 1950.10388184 7.50000095
v 4209.08398438 1950.1550293 7.50000095
v 4209.44580078 1950.30480957 7.50000095
v 4209.75634766 1950.54321289 7.50000095
v 4209.99462891 1950.85388184 7.50000095
v 4210.14453125 1951.21569824 7.50000095
v 4210.19580078 1951.60388184 7.50000095
v 4210.14453125 1951.99206543 7.50000095
v 4210.14453125 2071.21557617 7.50000095
v 4209.99462891 1952.35388184 7.50000095
v 4209.99462891 2070.85375977 7.50000095
v 4209.75634766 1952.66455078 7.50000095
v 4209.75634766 2070.54321289 7.50000095
v 4209.44580078 1952.9029541 7.50000095
v 4209.44580078 2070.30493164 7.50000095
v 4209.08398438 1953.05273438 7.50000095
v 4209.08398438 2070.1550293 7.50000095
v 4208.69580078 1953.10388184 7.50000095
v 4208.69580078 2070.10375977 7.50000095
v 4208.30761719 1953.05273438 7.50000095
v 4208.30761719 2070.1550293 7.50000095
v 4207.94580078 1952.9029541 7.50000095
v 4207.94580078 2070.30493164 7.50000095
v 4207.63525391 2070.54321289 7.50000095
v 4207.39697266 2070.85375977 7.50000095
v 4195.19580078 1936.60388184 7.50000095
v 4195.14453125 1936.21569824 7.50000095
v 4194.99462891 1935.85388184 7.50000095
v 4194.75634766 1935.54321289 7.50000095
v 4194.44580078 1935.30480957 7.50000095
v 4194.08398438 1935.1550293 7.50000095
v 4193.69580078 1935.10388184 7.50000095
v 4207.24707031 2071.21557617 7.50000095
v 4207.39697266 2072.35375977 7.50000095
v 4207.63525391 2072.66455078 7.50000095
v 4207.94580078 2072.90283203 7.50000095
v 4208.30761719 2073.05273438 7.50000095
v 4208.69580078 2073.10375977 7.50000095
v 4209.08398438 2073.05273438 7.50000095
v 4209.44580078 2072.90283203 7.50000095
v 4209.75634766 2072.66455078 7.50000095
v 4209.99462891 2072.35375977 7.50000095
v 4210.14453125 2071.9921875 7.50000095
v 4210.19580078 2071.60375977 7.50000095
v 4208.30761719 1950.1550293 7.50000095
v 4207.94580078 1950.30480957 7.50000095
v 4207.63525391 1950.54321289 7.50000095
v 4207.39697266 1950.85388184 7.50000095
v 4207.24707031 1951.21569824 7.50000095
v 4207.19580078 1951.60388184 7.50000095
v 4207.24707031 1951.99206543 7.50000095
v 4207.39697266 1952.35388184 7.50000095
v 4207.63525391 1952.66455078 7.50000095
v 3833.69580078 2489.07617188 2.50000095
v 3843.69580078 2491.54858398 2.50000095
v 3823.69580078 2491.57617188 2.50000095
v 3828.69580078 2485.29858398 10.00000095
v 3828.69580078 2487.79858398 10.00000095
v 3838.69580078 2485.29858398 10.00000095
v 3838.69580078 2487.79858398 10.00000095
v 3843.69580078 2491.57617188 2.50000095
v 3833.69580078 2489.1315918 2.50000095
v 3675.14477539 2486.21557617 2.50000095
v 3675.19580078 2486.60375977 2.50000095
v 3675.14477539 2486.9921875 2.50000095
v 3674.99487305 2487.35375977 2.50000095
v 3674.75634766 2487.66455078 2.50000095
v 3674.44580078 2487.90283203 2.50000095
v 3674.08398438 2488.05273438 2.50000095
v 3673.69580078 2488.10375977 2.50000095
v 3673.30761719 2488.05273438 2.50000095
v 3672.94580078 2487.90283203 2.50000095
v 3672.63500977 2487.66455078 2.50000095
v 3672.39672852 2487.35375977 2.50000095
v 3672.24682617 2486.9921875 2.50000095
v 3672.19580078 2486.60375977 2.50000095
v 3672.24682617 2486.21557617 2.50000095
v 3672.39672852 2485.85375977 2.50000095
v 3672.63500977 2485.54321289 2.50000095
v 3672.94580078 2485.30493164 2.50000095
v 3673.30761719 2485.1550293 2.50000095
v 3673.69580078 2485.10375977 2.50000095
v 3674.08398438 2485.1550293 2.50000095
v 3674.44580078 2485.30493164 2.50000095
v 3674.75634766 2485.54321289 2.50000095
v 3674.99487305 2485.85375977 2.50000095
v 3795.14477539 2486.21557617 2.50000095
v 3795.19580078 2486.60375977 2.50000095
v 3795.14477539 2486.9921875 2.50000095
v 3794.99487305 2487.35375977 2.50000095
v 3794.75634766 2487.66455078 2.50000095
v 3794.44580078 2487.90283203 2.50000095
v 3794.08398438 2488.05273438 2.50000095
v 3793.69580078 2488.10375977 2.50000095
v 3793.30761719 2488.05273438 2.50000095
v 3792.94580078 2487.90283203 2.50000095
v 3792.63500977 2487.66455078 2.50000095
v 3792.39672852 2487.35375977 2.50000095
v 3792.24682617 2486.9921875 2.50000095
v 3792.19580078 2486.60375977 2.50000095
v 3792.24682617 2486.21557617 2.50000095
v 3792.39672852 2485.85375977 2.50000095
v 3792.63500977 2485.54321289 2.50000095
v 3792.94580078 2485.30493164 2.50000095
v 3793.30761719 2485.1550293 2.50000095
v 3793.69580078 2485.10375977 2.50000095
v 3794.08398438 2485.1550293 2.50000095
v 3794.44580078 2485.30493164 2.50000095
v 3794.75634766 2485.54321289 2.50000095
v 3794.99487305 2485.85375977 2.50000095
v 4033.59277344 2509.50390625 202.5
v 4033.59277344 2505.50390625 172.5
v 3993.69580078 2509.50390625 202.5
v 3993.69580078 2505.50390625 172.5
v 3869.69580078 2488.43237305 142.5
v 3869.59936523 2487.70019531 142.5
v 3869.31689453 2487.01806641 142.5
v 3868.86743164 2486.43237305 142.5
v 3868.28149414 2485.98291016 142.5
v 3867.59936523 2485.70019531 142.5
v 3866.86743164 2485.60375977 142.5
v 3869.69580078 2496.60375977 142.5
v 3862.69580078 2496.60375977 142.5
v 3862.69580078 2488.43237305 142.5
v 3865.52416992 2485.60375977 142.5
v 3864.79223633 2485.70019531 142.5
v 3864.10986328 2485.98291016 142.5
v 3863.52416992 2486.43237305 142.5
v 3863.07470703 2487.01806641 142.5
v 3862.79223633 2487.70019531 142.5
v 3993.69580078 2498.70385742 202.5
v 3993.69580078 2511.60375977 272.5
v 3993.69580078 2509.60375977 202.5
v 3993.69580078 2511.60375977 122.5
v 3993.69580078 2505.60375977 172.5
v 3993.69580078 2502.70385742 172.5
v 3993.69580078 2496.60375977 272.5
v 3993.69580078 2498.60375977 202.5
v 3993.69580078 2496.60375977 122.5
v 3993.69580078 2502.60375977 172.5
v 3873.69580078 2511.60375977 122.5
v 3873.69580078 2496.60375977 122.5
v 3873.69580078 2509.50390625 202.5
v 3873.69580078 2511.60375977 272.5
v 3873.69580078 2509.60375977 202.5
v 3873.69580078 2496.60375977 272.5
v 3992.24682617 2486.9921875 2.50000095
v 3992.19580078 2486.60375977 2.50000095
v 3992.24682617 2486.21557617 2.50000095
v 3992.39672852 2485.85375977 2.50000095
v 3992.63500977 2485.54321289 2.50000095
v 3992.94580078 2485.30493164 2.50000095
v 3993.30761719 2485.1550293 2.50000095
v 3993.69580078 2485.10375977 2.50000095
v 3994.08398438 2485.1550293 2.50000095
v 3994.44580078 2485.30493164 2.50000095
v 3994.75634766 2485.54321289 2.50000095
v 3994.99487305 2485.85375977 2.50000095
v 3995.14477539 2486.21557617 2.50000095
v 3995.19580078 2486.60375977 2.50000095
v 3995.14477539 2486.9921875 2.50000095
v 3994.99487305 2487.35375977 2.50000095
v 3994.75634766 2487.66455078 2.50000095
v 3994.44580078 2487.90283203 2.50000095
v 3994.08398438 2488.05273438 2.50000095
v 3993.69580078 2488.10375977 2.50000095
v 3993.30761719 2488.05273438 2.50000095
v 3992.94580078 2487.90283203 2.50000095
v 3992.63500977 2487.66455078 2.50000095
v 3992.39672852 2487.35375977 2.50000095
v 3872.24682617 2486.9921875 2.50000095
v 3872.19580078 2486.60375977 2.50000095
v 3872.24682617 2486.21557617 2.50000095
v 3872.39672852 2485.85375977 2.50000095
v 3872.63500977 2485.54321289 2.50000095
v 3872.94580078 2485.30493164 2.50000095
v 3873.30761719 2485.1550293 2.50000095
v 3873.69580078 2485.10375977 2.50000095
v 3874.08398438 2485.1550293 2.50000095
v 3874.44580078 2485.30493164 2.50000095
v 3874.75634766 2485.54321289 2.50000095
v 3874.99487305 2485.85375977 2.50000095
v 3875.14477539 2486.21557617 2.50000095
v 3875.19580078 2486.60375977 2.50000095
v 3875.14477539 2486.9921875 2.50000095
v 3874.99487305 2487.35375977 2.50000095
v 3874.75634766 2487.66455078 2.50000095
v 3874.44580078 2487.90283203 2.50000095
v 3874.08398438 2488.05273438 2.50000095
v 3873.69580078 2488.10375977 2.50000095
v 3873.30761719 2488.05273438 2.50000095
v 3872.94580078 2487.90283203 2.50000095
v 3872.63500977 2487.66455078 2.50000095
v 3872.39672852 2487.35375977 2.50000095
v 4218.69580078 2496.60375977 172.5
v 4218.59277344 2496.50097656 172.5
v 4033.59277344 2496.60375977 172.5
v 4033.59277344 2496.50097656 172.5
v 4033.69580078 2498.60375977 202.5
v 4218.69580078 2498.70385742 202.5
v 4033.69580078 2498.50097656 202.5
v 4220.59277344 2498.50097656 202.5
v 4218.69580078 2509.50097656 202.5
v 4220.69580078 2498.60375977 202.5
v 4231.59277344 2509.50097656 202.5
v 4231.59570312 2496.60375977 202.5
v 4231.69580078 2509.60375977 202.5
v 4231.69580078 1913.60388184 202.5
v 3993.69580078 1913.60388184 202.5
v 4218.69580078 1913.70385742 202.5
v 4220.69580078 1924.60388184 202.5
v 4231.59570312 1926.60388184 202.5
v 4220.79589844 1926.60388184 202.5
v 4220.79589844 2496.60375977 202.5
v 3993.69580078 1913.70385742 202.5
v 4218.69580078 1924.50390625 202.5
v 3993.69580078 1924.60388184 202.5
v 3993.69580078 1924.50390625 202.5
v 3453.69580078 2321.60375977 2.50000095
v 3456.16796875 2311.60375977 2.50000095
v 3463.69580078 2321.60375977 2.50000095
v 3461.22338867 2311.60375977 2.50000095
v 3475.14477539 2486.21557617 2.50000095
v 3475.19580078 2486.60375977 2.50000095
v 3475.14477539 2486.9921875 2.50000095
v 3474.99487305 2487.35375977 2.50000095
v 3474.75634766 2487.66455078 2.50000095
v 3474.44580078 2487.90283203 2.50000095
v 3474.08398438 2488.05273438 2.50000095
v 3473.69580078 2488.10375977 2.50000095
v 3473.30761719 2488.05273438 2.50000095
v 3472.94580078 2487.90283203 2.50000095
v 3472.63500977 2487.66455078 2.50000095
v 3472.39672852 2487.35375977 2.50000095
v 3472.24682617 2486.9921875 2.50000095
v 3472.19580078 2486.60375977 2.50000095
v 3472.24682617 2486.21557617 2.50000095
v 3472.39672852 2485.85375977 2.50000095
v 3472.63500977 2485.54321289 2.50000095
v 3472.94580078 2485.30493164 2.50000095
v 3473.30761719 2485.1550293 2.50000095
v 3473.69580078 2485.10375977 2.50000095
v 3474.08398438 2485.1550293 2.50000095
v 3474.44580078 2485.30493164 2.50000095
v 3474.75634766 2485.54321289 2.50000095
v 3474.99487305 2485.85375977 2.50000095
v 3595.14477539 2486.21557617 2.50000095
v 3595.19580078 2486.60375977 2.50000095
v 3595.14477539 2486.9921875 2.50000095
v 3594.99487305 2487.35375977 2.50000095
v 3594.75634766 2487.66455078 2.50000095
v 3594.44580078 2487.90283203 2.50000095
v 3594.08398438 2488.05273438 2.50000095
v 3593.69580078 2488.10375977 2.50000095
v 3593.30761719 2488.05273438 2.50000095
v 3592.94580078 2487.90283203 2.50000095
v 3592.63500977 2487.66455078 2.50000095
v 3592.39672852 2487.35375977 2.50000095
v 3592.24682617 2486.9921875 2.50000095
v 3592.19580078 2486.60375977 2.50000095
v 3592.24682617 2486.21557617 2.50000095
v 3592.39672852 2485.85375977 2.50000095
v 3592.63500977 2485.54321289 2.50000095
v 3592.94580078 2485.30493164 2.50000095
v 3593.30761719 2485.1550293 2.50000095
v 3593.69580078 2485.10375977 2.50000095
v 3594.08398438 2485.1550293 2.50000095
v 3594.44580078 2485.30493164 2.50000095
v 3594.75634766 2485.54321289 2.50000095
v 3594.99487305 2485.85375977 2.50000095
v 3459.08398438 2353.05273438 2.50000095
v 3458.69580078 2353.10375977 2.50000095
v 3458.30761719 2353.05273438 2.50000095
v 3457.94580078 2352.90283203 2.50000095
v 3457.63500977 2352.66455078 2.50000095
v 3457.39672852 2352.35375977 2.50000095
v 3457.24682617 2351.9921875 2.50000095
v 3457.19580078 2351.60375977 2.50000095
v 3457.24682617 2351.21557617 2.50000095
v 3457.39672852 2350.85375977 2.50000095
v 3457.63500977 2350.54321289 2.50000095
v 3457.94580078 2350.30493164 2.50000095
v 3458.30761719 2350.1550293 2.50000095
v 3458.69580078 2350.10375977 2.50000095
v 3459.08398438 2350.1550293 2.50000095
v 3459.44580078 2350.30493164 2.50000095
v 3459.75634766 2350.54321289 2.50000095
v 3459.99487305 2350.85375977 2.50000095
v 3460.14477539 2351.21557617 2.50000095
v 3460.19580078 2351.60375977 2.50000095
v 3460.14477539 2351.9921875 2.50000095
v 3459.99487305 2352.35375977 2.50000095
v 3459.75634766 2352.66455078 2.50000095
v 3459.44580078 2352.90283203 2.50000095
v 3459.08398438 2473.05273438 2.50000095
v 3458.69580078 2473.10375977 2.50000095
v 3458.30761719 2473.05273438 2.50000095
v 3457.94580078 2472.90283203 2.50000095
v 3457.63500977 2472.66455078 2.50000095
v 3457.39672852 2472.35375977 2.50000095
v 3457.24682617 2471.9921875 2.50000095
v 3457.19580078 2471.60375977 2.50000095
v 3457.24682617 2471.21557617 2.50000095
v 3457.39672852 2470.85375977 2.50000095
v 3457.63500977 2470.54321289 2.50000095
v 3457.94580078 2470.30493164 2.50000095
v 3458.30761719 2470.1550293 2.50000095
v 3458.69580078 2470.10375977 2.50000095
v 3459.08398438 2470.1550293 2.50000095
v 3459.44580078 2470.30493164 2.50000095
v 3459.75634766 2470.54321289 2.50000095
v 3459.99487305 2470.85375977 2.50000095
v 3460.14477539 2471.21557617 2.50000095
v 3460.19580078 2471.60375977 2.50000095
v 3460.14477539 2471.9921875 2.50000095
v 3459.99487305 2472.35375977 2.50000095
v 3459.75634766 2472.66455078 2.50000095
v 3459.44580078 2472.90283203 2.50000095
v 4233.59277344 2511.50097656 372.5
v 4233.69580078 2511.60375977 372.5
v 4233.59277344 2511.50097656 172.5
v 4233.69580078 2511.60375977 172.5
v 4224.59277344 2502.50097656 172.5
v 4224.69580078 2502.60375977 172.5
v 4227.69580078 2505.60375977 172.5
v 4227.59277344 2505.50097656 172.5
v 4218.69580078 2496.60375977 372.5
v 4218.59277344 2496.50097656 372.5
v 4033.59277344 2505.60375977 172.5
v 3823.69580078 1931.6315918 2.50000095
v 3833.69580078 1934.07617188 2.50000095
v 3833.69580078 1939.1315918 2.50000095
v 3823.69580078 1941.6315918 2.50000095
v 3633.69580078 1934.07617188 2.50000095
v 3643.69580078 1931.60388184 2.50000095
v 3643.69580078 1941.60388184 2.50000095
v 3633.69580078 1939.1315918 2.50000095
v 3675.14477539 1936.21569824 2.50000095
v 3675.19580078 1936.60388184 2.50000095
v 3675.14477539 1936.99206543 2.50000095
v 3674.99487305 1937.35388184 2.50000095
v 3674.75634766 1937.66455078 2.50000095
v 3674.44580078 1937.9029541 2.50000095
v 3674.08398438 1938.05273438 2.50000095
v 3673.69580078 1938.10388184 2.50000095
v 3673.30761719 1938.05273438 2.50000095
v 3672.94580078 1937.9029541 2.50000095
v 3672.63500977 1937.66455078 2.50000095
v 3672.39672852 1937.35388184 2.50000095
v 3672.24682617 1936.99206543 2.50000095
v 3672.19580078 1936.60388184 2.50000095
v 3672.24682617 1936.21569824 2.50000095
v 3672.39672852 1935.85388184 2.50000095
v 3672.63500977 1935.54321289 2.50000095
v 3672.94580078 1935.30480957 2.50000095
v 3673.30761719 1935.1550293 2.50000095
v 3673.69580078 1935.10388184 2.50000095
v 3674.08398438 1935.1550293 2.50000095
v 3674.44580078 1935.30480957 2.50000095
v 3674.75634766 1935.54321289 2.50000095
v 3674.99487305 1935.85388184 2.50000095
v 3795.14477539 1936.21569824 2.50000095
v 3795.19580078 1936.60388184 2.50000095
v 3795.14477539 1936.99206543 2.50000095
v 3794.99487305 1937.35388184 2.50000095
v 3794.75634766 1937.66455078 2.50000095
v 3794.44580078 1937.9029541 2.50000095
v 3794.08398438 1938.05273438 2.50000095
v 3793.69580078 1938.10388184 2.50000095
v 3793.30761719 1938.05273438 2.50000095
v 3792.94580078 1937.9029541 2.50000095
v 3792.63500977 1937.66455078 2.50000095
v 3792.39672852 1937.35388184 2.50000095
v 3792.24682617 1936.99206543 2.50000095
v 3792.19580078 1936.60388184 2.50000095
v 3792.24682617 1936.21569824 2.50000095
v 3792.39672852 1935.85388184 2.50000095
v 3792.63500977 1935.54321289 2.50000095
v 3792.94580078 1935.30480957 2.50000095
v 3793.30761719 1935.1550293 2.50000095
v 3793.69580078 1935.10388184 2.50000095
v 3794.08398438 1935.1550293 2.50000095
v 3794.44580078 1935.30480957 2.50000095
v 3794.75634766 1935.54321289 2.50000095
v 3794.99487305 1935.85388184 2.50000095
v 3873.69580078 1924.50390625 202.5
v 3448.69580078 1924.50390625 202.5
v 3873.69580078 1924.60388184 202.5
v 3446.69580078 1924.60388184 202.5
v 3448.69580078 1913.70385742 202.5
v 3435.69580078 1913.60388184 202.5
v 3873.69580078 1913.60388184 202.5
v 3873.69580078 1913.70385742 202.5
v 3435.7956543 1926.60388184 202.5
v 3435.69580078 2161.60375977 202.5
v 3435.7956543 2161.60375977 202.5
v 3446.59570312 1926.60388184 202.5
v 3446.69580078 2161.60375977 202.5
v 3446.59570312 2161.60375977 202.5
v 3456.16796875 2111.60375977 2.50000095
v 3453.69580078 2101.60375977 2.50000095
v 3463.69580078 2101.60375977 2.50000095
v 3461.22338867 2111.60375977 2.50000095
v 3623.69580078 1931.6315918 2.50000095
v 3623.69580078 1941.6315918 2.50000095
v 3448.69580078 1917.70385742 172.5
v 3448.69580078 1920.50390625 172.5
v 3442.59570312 1926.60388184 172.5
v 3439.7956543 1926.60388184 172.5
v 3475.14477539 1936.21569824 2.50000095
v 3475.19580078 1936.60388184 2.50000095
v 3475.14477539 1936.99206543 2.50000095
v 3474.99487305 1937.35388184 2.50000095
v 3474.75634766 1937.66455078 2.50000095
v 3474.44580078 1937.9029541 2.50000095
v 3474.08398438 1938.05273438 2.50000095
v 3473.69580078 1938.10388184 2.50000095
v 3473.30761719 1938.05273438 2.50000095
v 3472.94580078 1937.9029541 2.50000095
v 3472.63500977 1937.66455078 2.50000095
v 3472.39672852 1937.35388184 2.50000095
v 3472.24682617 1936.99206543 2.50000095
v 3472.19580078 1936.60388184 2.50000095
v 3472.24682617 1936.21569824 2.50000095
v 3472.39672852 1935.85388184 2.50000095
v 3472.63500977 1935.54321289 2.50000095
v 3472.94580078 1935.30480957 2.50000095
v 3473.30761719 1935.1550293 2.50000095
v 3473.69580078 1935.10388184 2.50000095
v 3474.08398438 1935.1550293 2.50000095
v 3474.44580078 1935.30480957 2.50000095
v 3474.75634766 1935.54321289 2.50000095
v 3474.99487305 1935.85388184 2.50000095
v 3595.14477539 1936.21569824 2.50000095
v 3595.19580078 1936.60388184 2.50000095
v 3595.14477539 1936.99206543 2.50000095
v 3594.99487305 1937.35388184 2.50000095
v 3594.75634766 1937.66455078 2.50000095
v 3594.44580078 1937.9029541 2.50000095
v 3594.08398438 1938.05273438 2.50000095
v 3593.69580078 1938.10388184 2.50000095
v 3593.30761719 1938.05273438 2.50000095
v 3592.94580078 1937.9029541 2.50000095
v 3592.63500977 1937.66455078 2.50000095
v 3592.39672852 1937.35388184 2.50000095
v 3592.24682617 1936.99206543 2.50000095
v 3592.19580078 1936.60388184 2.50000095
v 3592.24682617 1936.21569824 2.50000095
v 3592.39672852 1935.85388184 2.50000095
v 3592.63500977 1935.54321289 2.50000095
v 3592.94580078 1935.30480957 2.50000095
v 3593.30761719 1935.1550293 2.50000095
v 3593.69580078 1935.10388184 2.50000095
v 3594.08398438 1935.1550293 2.50000095
v 3594.44580078 1935.30480957 2.50000095
v 3594.75634766 1935.54321289 2.50000095
v 3594.99487305 1935.85388184 2.50000095
v 3458.30761719 2070.1550293 2.50000095
v 3458.69580078 2070.10375977 2.50000095
v 3459.08398438 2070.1550293 2.50000095
v 3459.44580078 2070.30493164 2.50000095
v 3459.75634766 2070.54321289 2.50000095
v 3459.99487305 2070.85375977 2.50000095
v 3460.14477539 2071.21557617 2.50000095
v 3460.19580078 2071.60375977 2.50000095
v 3460.14477539 2071.9921875 2.50000095
v 3459.99487305 2072.35375977 2.50000095
v 3459.75634766 2072.66455078 2.50000095
v 3459.44580078 2072.90283203 2.50000095
v 3459.08398438 2073.05273438 2.50000095
v 3458.69580078 2073.10375977 2.50000095
v 3458.30761719 2073.05273438 2.50000095
v 3457.94580078 2072.90283203 2.50000095
v 3457.63500977 2072.66455078 2.50000095
v 3457.39672852 2072.35375977 2.50000095
v 3457.24682617 2071.9921875 2.50000095
v 3457.19580078 2071.60375977 2.50000095
v 3457.24682617 2071.21557617 2.50000095
v 3457.39672852 2070.85375977 2.50000095
v 3457.63500977 2070.54321289 2.50000095
v 3457.94580078 2070.30493164 2.50000095
v 3458.30761719 1950.1550293 2.50000095
v 3458.69580078 1950.10388184 2.50000095
v 3459.08398438 1950.1550293 2.50000095
v 3459.44580078 1950.30480957 2.50000095
v 3459.75634766 1950.54321289 2.50000095
v 3459.99487305 1950.85388184 2.50000095
v 3460.14477539 1951.21569824 2.50000095
v 3460.19580078 1951.60388184 2.50000095
v 3460.14477539 1951.99206543 2.50000095
v 3459.99487305 1952.35388184 2.50000095
v 3459.75634766 1952.66455078 2.50000095
v 3459.44580078 1952.9029541 2.50000095
v 3459.08398438 1953.05273438 2.50000095
v 3458.69580078 1953.10388184 2.50000095
v 3458.30761719 1953.05273438 2.50000095
v 3457.94580078 1952.9029541 2.50000095
v 3457.63500977 1952.66455078 2.50000095
v 3457.39672852 1952.35388184 2.50000095
v 3457.24682617 1951.99206543 2.50000095
v 3457.19580078 1951.60388184 2.50000095
v 3457.24682617 1951.21569824 2.50000095
v 3457.39672852 1950.85388184 2.50000095
v 3457.63500977 1950.54321289 2.50000095
v 3457.94580078 1950.30480957 2.50000095
v 4218.69580078 2505.50097656 172.5
v 4033.59277344 2496.50097656 372.5
v 4033.69580078 2502.50097656 172.5
v 3433.69580078 1911.60388184 372.5
v 3448.69580078 1926.60388184 372.5
v 4233.69580078 1911.60388184 372.5
v 4218.69580078 1926.60388184 372.5
v 4033.69580078 2511.50097656 372.5
v 4033.69580078 2511.60375977 372.5
v 4033.59277344 2496.60375977 372.5
v 4227.69580078 1917.60388184 172.5
v 4224.69580078 1920.60388184 172.5
v 4209.91796875 2106.60375977 10.00000095
v 4209.91796875 2116.60375977 10.00000095
v 4207.41796875 2106.60375977 10.00000095
v 4207.41796875 2116.60375977 10.00000095
v 4211.19580078 2111.60375977 2.50000095
v 4213.69580078 2101.60375977 2.50000095
v 4213.66796875 2121.60375977 2.50000095
v 4209.91796875 2306.60375977 10.00000095
v 4209.91796875 2316.60375977 10.00000095
v 4207.41796875 2306.60375977 10.00000095
v 4207.41796875 2316.60375977 10.00000095
v 4211.19580078 2311.60375977 2.50000095
v 4213.69580078 2301.60375977 2.50000095
v 4213.66796875 2321.60375977 2.50000095
v 4038.69580078 2487.85375977 10.00000095
v 4028.69580078 2487.85375977 10.00000095
v 4038.69580078 2485.35375977 10.00000095
v 4028.69580078 2485.35375977 10.00000095
v 4043.69580078 2481.6315918 2.50000095
v 4033.69580078 2484.07617188 2.50000095
v 4198.69580078 2476.60375977 2.50000095
v 4198.69580078 1946.60388184 2.50000095
v 4209.08398438 2473.05273438 2.50000095
v 4208.69580078 2473.10375977 2.50000095
v 4208.30761719 2473.05273438 2.50000095
v 4207.94580078 2472.90283203 2.50000095
v 4207.63525391 2472.66455078 2.50000095
v 4207.39697266 2472.35375977 2.50000095
v 4207.24707031 2471.9921875 2.50000095
v 4207.19580078 2471.60375977 2.50000095
v 4207.24707031 2471.21557617 2.50000095
v 4207.39697266 2470.85375977 2.50000095
v 4207.63525391 2470.54321289 2.50000095
v 4207.94580078 2470.30493164 2.50000095
v 4208.30761719 2470.1550293 2.50000095
v 4208.69580078 2470.10375977 2.50000095
v 4209.08398438 2470.1550293 2.50000095
v 4209.44580078 2470.30493164 2.50000095
v 4209.75634766 2470.54321289 2.50000095
v 4209.99462891 2470.85375977 2.50000095
v 4210.14453125 2471.21557617 2.50000095
v 4210.19580078 2471.60375977 2.50000095
v 4210.14453125 2471.9921875 2.50000095
v 4209.99462891 2472.35375977 2.50000095
v 4209.75634766 2472.66455078 2.50000095
v 4209.44580078 2472.90283203 2.50000095
v 4209.08398438 2353.05273438 2.50000095
v 4208.69580078 2353.10375977 2.50000095
v 4208.30761719 2353.05273438 2.50000095
v 4207.94580078 2352.90283203 2.50000095
v 4207.63525391 2352.66455078 2.50000095
v 4207.39697266 2352.35375977 2.50000095
v 4207.24707031 2351.9921875 2.50000095
v 4207.19580078 2351.60375977 2.50000095
v 4207.24707031 2351.21557617 2.50000095
v 4207.39697266 2350.85375977 2.50000095
v 4207.63525391 2350.54321289 2.50000095
v 4207.94580078 2350.30493164 2.50000095
v 4208.30761719 2350.1550293 2.50000095
v 4208.69580078 2350.10375977 2.50000095
v 4209.08398438 2350.1550293 2.50000095
v 4209.44580078 2350.30493164 2.50000095
v 4209.75634766 2350.54321289 2.50000095
v 4209.99462891 2350.85375977 2.50000095
v 4210.14453125 2351.21557617 2.50000095
v 4210.19580078 2351.60375977 2.50000095
v 4210.14453125 2351.9921875 2.50000095
v 4209.99462891 2352.35375977 2.50000095
v 4209.75634766 2352.66455078 2.50000095
v 4209.44580078 2352.90283203 2.50000095
v 4224.79589844 2496.60375977 172.5
v 4224.79589844 1926.60388184 172.5
v 3869.69580078 2496.60375977 217.5
v 3869.69580078 2496.60375977 232.5
v 4072.24682617 2486.9921875 2.50000095
v 4072.19580078 2486.60375977 2.50000095
v 4072.24682617 2486.21557617 2.50000095
v 4072.39672852 2485.85375977 2.50000095
v 4072.63500977 2485.54321289 2.50000095
v 4072.94580078 2485.30493164 2.50000095
v 4073.30761719 2485.1550293 2.50000095
v 4073.69580078 2485.10375977 2.50000095
v 4074.08398438 2485.1550293 2.50000095
v 4074.44580078 2485.30493164 2.50000095
v 4074.75634766 2485.54321289 2.50000095
v 4074.99487305 2485.85375977 2.50000095
v 4075.14477539 2486.21557617 2.50000095
v 4075.19580078 2486.60375977 2.50000095
v 4075.14477539 2486.9921875 2.50000095
v 4074.99487305 2487.35375977 2.50000095
v 4074.75634766 2487.66455078 2.50000095
v 4074.44580078 2487.90283203 2.50000095
v 4074.08398438 2488.05273438 2.50000095
v 4073.69580078 2488.10375977 2.50000095
v 4073.30761719 2488.05273438 2.50000095
v 4072.94580078 2487.90283203 2.50000095
v 4072.63500977 2487.66455078 2.50000095
v 4072.39672852 2487.35375977 2.50000095
v 4192.24707031 2486.9921875 2.50000095
v 4192.19580078 2486.60375977 2.50000095
v 4192.24707031 2486.21557617 2.50000095
v 4192.39697266 2485.85375977 2.50000095
v 4192.63525391 2485.54321289 2.50000095
v 4192.94580078 2485.30493164 2.50000095
v 4193.30761719 2485.1550293 2.50000095
v 4193.69580078 2485.10375977 2.50000095
v 4194.08398438 2485.1550293 2.50000095
v 4194.44580078 2485.30493164 2.50000095
v 4194.75634766 2485.54321289 2.50000095
v 4194.99462891 2485.85375977 2.50000095
v 4195.14453125 2486.21557617 2.50000095
v 4195.19580078 2486.60375977 2.50000095
v 4195.14453125 2486.9921875 2.50000095
v 4194.99462891 2487.35375977 2.50000095
v 4194.75634766 2487.66455078 2.50000095
v 4194.44580078 2487.90283203 2.50000095
v 4194.08398438 2488.05273438 2.50000095
v 4193.69580078 2488.10375977 2.50000095
v 4193.30761719 2488.05273438 2.50000095
v 4192.94580078 2487.90283203 2.50000095
v 4192.63525391 2487.66455078 2.50000095
v 4192.39697266 2487.35375977 2.50000095
v 3468.69580078 2476.60375977 2.50000095
v 4227.59570312 2496.60375977 172.5
v 4227.59570312 1926.60388184 172.5
v 4218.69580078 2502.70385742 172.5
v 4233.69580078 1911.60388184 2.50000095
v 4233.69580078 2511.60375977 2.50000095
v 3433.69580078 2511.60375977 2.50000095
v 4033.69580078 2511.60375977 172.5
v 4043.69580078 2481.57617188 2.50000095
v 4211.22363281 2311.60375977 2.50000095
v 4213.69580078 2321.60375977 2.50000095
v 4208.30761719 2150.1550293 2.50000095
v 4208.69580078 2150.10375977 2.50000095
v 4209.08398438 2150.1550293 2.50000095
v 4209.44580078 2150.30493164 2.50000095
v 4209.75634766 2150.54321289 2.50000095
v 4209.99462891 2150.85375977 2.50000095
v 4210.14453125 2151.21557617 2.50000095
v 4210.19580078 2151.60375977 2.50000095
v 4210.14453125 2151.9921875 2.50000095
v 4209.99462891 2152.35375977 2.50000095
v 4209.75634766 2152.66455078 2.50000095
v 4209.44580078 2152.90283203 2.50000095
v 4209.08398438 2153.05273438 2.50000095
v 4208.69580078 2153.10375977 2.50000095
v 4208.30761719 2153.05273438 2.50000095
v 4207.94580078 2152.90283203 2.50000095
v 4207.63525391 2152.66455078 2.50000095
v 4207.39697266 2152.35375977 2.50000095
v 4207.24707031 2151.9921875 2.50000095
v 4207.19580078 2151.60375977 2.50000095
v 4207.24707031 2151.21557617 2.50000095
v 4207.39697266 2150.85375977 2.50000095
v 4207.63525391 2150.54321289 2.50000095
v 4207.94580078 2150.30493164 2.50000095
v 4208.30761719 2270.1550293 2.50000095
v 4208.69580078 2270.10375977 2.50000095
v 4209.08398438 2270.1550293 2.50000095
v 4209.44580078 2270.30493164 2.50000095
v 4209.75634766 2270.54321289 2.50000095
v 4209.99462891 2270.85375977 2.50000095
v 4210.14453125 2271.21557617 2.50000095
v 4210.19580078 2271.60375977 2.50000095
v 4210.14453125 2271.9921875 2.50000095
v 4209.99462891 2272.35375977 2.50000095
v 4209.75634766 2272.66455078 2.50000095
v 4209.44580078 2272.90283203 2.50000095
v 4209.08398438 2273.05273438 2.50000095
v 4208.69580078 2273.10375977 2.50000095
v 4208.30761719 2273.05273438 2.50000095
v 4207.94580078 2272.90283203 2.50000095
v 4207.63525391 2272.66455078 2.50000095
v 4207.39697266 2272.35375977 2.50000095
v 4207.24707031 2271.9921875 2.50000095
v 4207.19580078 2271.60375977 2.50000095
v 4207.24707031 2271.21557617 2.50000095
v 4207.39697266 2270.85375977 2.50000095
v 4207.63525391 2270.54321289 2.50000095
v 4207.94580078 2270.30493164 2.50000095
v 4211.22363281 2111.60375977 2.50000095
v 4038.69580078 1937.66918945 10.00000095
v 4028.69580078 1937.66918945 10.00000095
v 4038.69580078 1935.16918945 10.00000095
v 4028.69580078 1935.16918945 10.00000095
v 4208.30761719 1950.1550293 2.50000095
v 4208.69580078 1950.10388184 2.50000095
v 4209.08398438 1950.1550293 2.50000095
v 4209.44580078 1950.30480957 2.50000095
v 4209.75634766 1950.54321289 2.50000095
v 4209.99462891 1950.85388184 2.50000095
v 4210.14453125 1951.21569824 2.50000095
v 4210.19580078 1951.60388184 2.50000095
v 4210.14453125 1951.99206543 2.50000095
v 4209.99462891 1952.35388184 2.50000095
v 4209.75634766 1952.66455078 2.50000095
v 4209.44580078 1952.9029541 2.50000095
v 4209.08398438 1953.05273438 2.50000095
v 4208.69580078 1953.10388184 2.50000095
v 4208.30761719 1953.05273438 2.50000095
v 4207.94580078 1952.9029541 2.50000095
v 4207.63525391 1952.66455078 2.50000095
v 4207.39697266 1952.35388184 2.50000095
v 4207.24707031 1951.99206543 2.50000095
v 4207.19580078 1951.60388184 2.50000095
v 4207.24707031 1951.21569824 2.50000095
v 4207.39697266 1950.85388184 2.50000095
v 4207.63525391 1950.54321289 2.50000095
v 4207.94580078 1950.30480957 2.50000095
v 4208.30761719 2070.1550293 2.50000095
v 4208.69580078 2070.10375977 2.50000095
v 4209.08398438 2070.1550293 2.50000095
v 4209.44580078 2070.30493164 2.50000095
v 4209.75634766 2070.54321289 2.50000095
v 4209.99462891 2070.85375977 2.50000095
v 4210.14453125 2071.21557617 2.50000095
v 4210.19580078 2071.60375977 2.50000095
v 4210.14453125 2071.9921875 2.50000095
v 4209.99462891 2072.35375977 2.50000095
v 4209.75634766 2072.66455078 2.50000095
v 4209.44580078 2072.90283203 2.50000095
v 4209.08398438 2073.05273438 2.50000095
v 4208.69580078 2073.10375977 2.50000095
v 4208.30761719 2073.05273438 2.50000095
v 4207.94580078 2072.90283203 2.50000095
v 4207.63525391 2072.66455078 2.50000095
v 4207.39697266 2072.35375977 2.50000095
v 4207.24707031 2071.9921875 2.50000095
v 4207.19580078 2071.60375977 2.50000095
v 4207.24707031 2071.21557617 2.50000095
v 4207.39697266 2070.85375977 2.50000095
v 4207.63525391 2070.54321289 2.50000095
v 4207.94580078 2070.30493164 2.50000095
v 3993.69580078 1926.60388184 122.5
v 3993.69580078 1926.60388184 272.5
v 3873.69580078 1926.60388184 272.5
v 3873.69580078 1926.60388184 122.5
v 3862.69580078 1926.60388184 142.5
v 3862.69580078 1926.60388184 157.5
v 3862.69580078 1926.60388184 217.5
v 3869.69580078 1926.60388184 217.5
v 3862.69580078 1926.60388184 232.5
v 3869.69580078 1926.60388184 232.5
v 3869.69580078 1926.60388184 157.5
v 3869.69580078 1926.60388184 142.5
v 4072.24682617 1936.99206543 2.50000095
v 4072.19580078 1936.60388184 2.50000095
v 4072.24682617 1936.21569824 2.50000095
v 4072.39672852 1935.85388184 2.50000095
v 4072.63500977 1935.54321289 2.50000095
v 4072.94580078 1935.30480957 2.50000095
v 4073.30761719 1935.1550293 2.50000095
v 4073.69580078 1935.10388184 2.50000095
v 4074.08398438 1935.1550293 2.50000095
v 4074.44580078 1935.30480957 2.50000095
v 4074.75634766 1935.54321289 2.50000095
v 4074.99487305 1935.85388184 2.50000095
v 4075.14477539 1936.21569824 2.50000095
v 4075.19580078 1936.60388184 2.50000095
v 4075.14477539 1936.99206543 2.50000095
v 4074.99487305 1937.35388184 2.50000095
v 4074.75634766 1937.66455078 2.50000095
v 4074.44580078 1937.9029541 2.50000095
v 4074.08398438 1938.05273438 2.50000095
v 4073.69580078 1938.10388184 2.50000095
v 4073.30761719 1938.05273438 2.50000095
v 4072.94580078 1937.9029541 2.50000095
v 4072.63500977 1937.66455078 2.50000095
v 4072.39672852 1937.35388184 2.50000095
v 4192.24707031 1936.99206543 2.50000095
v 4192.19580078 1936.60388184 2.50000095
v 4192.24707031 1936.21569824 2.50000095
v 4192.39697266 1935.85388184 2.50000095
v 4192.63525391 1935.54321289 2.50000095
v 4192.94580078 1935.30480957 2.50000095
v 4193.30761719 1935.1550293 2.50000095
v 4193.69580078 1935.10388184 2.50000095
v 4194.08398438 1935.1550293 2.50000095
v 4194.44580078 1935.30480957 2.50000095
v 4194.75634766 1935.54321289 2.50000095
v 4194.99462891 1935.85388184 2.50000095
v 4195.14453125 1936.21569824 2.50000095
v 4195.19580078 1936.60388184 2.50000095
v 4195.14453125 1936.99206543 2.50000095
v 4194.99462891 1937.35388184 2.50000095
v 4194.75634766 1937.66455078 2.50000095
v 4194.44580078 1937.9029541 2.50000095
v 4194.08398438 1938.05273438 2.50000095
v 4193.69580078 1938.10388184 2.50000095
v 4193.30761719 1938.05273438 2.50000095
v 4192.94580078 1937.9029541 2.50000095
v 4192.63525391 1937.66455078 2.50000095
v 4192.39697266 1937.35388184 2.50000095
v 3468.69580078 1946.60388184 2.50000095
v 4218.69580078 1917.70385742 172.5
v 3993.69580078 1917.70385742 172.5
v 4218.69580078 1920.50390625 172.5
v 3993.69580078 1920.50390625 172.5
v 3873.69580078 1911.60388184 272.5
v 3993.69580078 1911.60388184 272.5
v 3993.69580078 1911.60388184 122.5
v 3873.69580078 1911.60388184 122.5
v 3433.69580078 1911.60388184 2.50000095
v 4033.69580078 1939.1315918 5.00000095
v 4043.69580078 1941.6315918 2.50000095
v 4033.69580078 1939.1315918 2.50000095
v 4033.69580078 1938.94677734 5.00000095
v 4023.69580078 1941.41918945 5.00000095
v 4043.69580078 1941.44677734 5.00000095
v 4043.69580078 1941.60388184 2.50000095
v 4043.69580078 1941.60388184 5.00000095
v 4023.69580078 1941.6315918 1E-06
v 4033.69580078 1939.1315918 1E-06
v 4023.69580078 1931.6315918 1E-06
v 4033.69580078 1934.07617188 1E-06
v 4043.69580078 1931.60388184 1E-06
v 4043.69580078 1941.60388184 1E-06
v 4033.69580078 1934.07617188 2.50000095
v 4023.69580078 1931.6315918 2.50000095
v 4043.69580078 1931.60388184 2.50000095
v 4023.69580078 1941.60388184 5.00000095
v 4023.69580078 1941.6315918 2.50000095
v 3468.69580078 2261.60375977 2.50000095
v 3433.69580078 2261.60375977 2.50000095
v 3458.30761719 2270.1550293 2.50000095
v 3458.69580078 2270.10375977 2.50000095
v 3459.08398438 2270.1550293 2.50000095
v 3453.69580078 2301.60375977 2.50000095
v 3843.69580078 1931.6315918 2.50000095
v 3433.69580078 2161.60375977 2.50000095
v 3468.69580078 2161.60375977 2.50000095
v 3458.30761719 2153.05273438 2.50000095
v 3457.94580078 2152.90283203 2.50000095
v 3457.63500977 2152.66455078 2.50000095
v 3463.72338867 2121.60375977 2.50000095
v 3459.99487305 2150.85375977 2.50000095
v 3459.75634766 2150.54321289 2.50000095
v 3459.44580078 2150.30493164 2.50000095
v 3459.08398438 2150.1550293 2.50000095
v 3458.69580078 2150.10375977 2.50000095
v 3453.72338867 2121.60375977 2.50000095
v 3458.30761719 2150.1550293 2.50000095
v 3457.94580078 2150.30493164 2.50000095
v 3457.63500977 2150.54321289 2.50000095
v 3457.39672852 2150.85375977 2.50000095
v 3457.24682617 2151.21557617 2.50000095
v 3457.19580078 2151.60375977 2.50000095
v 3457.24682617 2151.9921875 2.50000095
v 3457.39672852 2152.35375977 2.50000095
v 3843.69580078 1941.6315918 2.50000095
v 3463.69580078 2301.60375977 2.50000095
v 3459.99487305 2272.35375977 2.50000095
v 3460.14477539 2271.9921875 2.50000095
v 3460.19580078 2271.60375977 2.50000095
v 3460.14477539 2271.21557617 2.50000095
v 3459.99487305 2270.85375977 2.50000095
v 3459.75634766 2270.54321289 2.50000095
v 3459.44580078 2270.30493164 2.50000095
v 3458.69580078 2273.10375977 2.50000095
v 3458.30761719 2273.05273438 2.50000095
v 3457.94580078 2272.90283203 2.50000095
v 3459.75634766 2272.66455078 2.50000095
v 3459.44580078 2272.90283203 2.50000095
v 3459.08398438 2273.05273438 2.50000095
v 3457.63500977 2272.66455078 2.50000095
v 3457.39672852 2272.35375977 2.50000095
v 3457.24682617 2271.9921875 2.50000095
v 3457.19580078 2271.60375977 2.50000095
v 3457.24682617 2271.21557617 2.50000095
v 3457.39672852 2270.85375977 2.50000095
v 3457.63500977 2270.54321289 2.50000095
v 3457.94580078 2270.30493164 2.50000095
v 3460.14477539 2151.21557617 2.50000095
v 3460.19580078 2151.60375977 2.50000095
v 3460.14477539 2151.9921875 2.50000095
v 3459.99487305 2152.35375977 2.50000095
v 3459.75634766 2152.66455078 2.50000095
v 3459.44580078 2152.90283203 2.50000095
v 3459.08398438 2153.05273438 2.50000095
v 3458.69580078 2153.10375977 2.50000095
v 3995.19580078 1936.60388184 2.50000095
v 3995.14477539 1936.99206543 2.50000095
v 3994.99487305 1937.35388184 2.50000095
v 3992.24682617 1936.21569824 2.50000095
v 3875.14477539 1936.21569824 2.50000095
v 3992.19580078 1936.60388184 2.50000095
v 3875.19580078 1936.60388184 2.50000095
v 3875.14477539 1936.99206543 2.50000095
v 3874.99487305 1935.85388184 2.50000095
v 3992.39672852 1935.85388184 2.50000095
v 3874.75634766 1935.54321289 2.50000095
v 3992.63500977 1935.54321289 2.50000095
v 3874.44580078 1935.30480957 2.50000095
v 3992.94580078 1935.30480957 2.50000095
v 3874.08398438 1935.1550293 2.50000095
v 3993.30761719 1935.1550293 2.50000095
v 3873.69580078 1935.10388184 2.50000095
v 3993.69580078 1935.10388184 2.50000095
v 3994.08398438 1935.1550293 2.50000095
v 3994.44580078 1935.30480957 2.50000095
v 3994.75634766 1935.54321289 2.50000095
v 3994.99487305 1935.85388184 2.50000095
v 3995.14477539 1936.21569824 2.50000095
v 3994.75634766 1937.66455078 2.50000095
v 3994.44580078 1937.9029541 2.50000095
v 3994.08398438 1938.05273438 2.50000095
v 3993.69580078 1938.10388184 2.50000095
v 3873.69580078 1938.10388184 2.50000095
v 3993.30761719 1938.05273438 2.50000095
v 3874.08398438 1938.05273438 2.50000095
v 3992.94580078 1937.9029541 2.50000095
v 3874.44580078 1937.9029541 2.50000095
v 3992.63500977 1937.66455078 2.50000095
v 3874.75634766 1937.66455078 2.50000095
v 3992.39672852 1937.35388184 2.50000095
v 3874.99487305 1937.35388184 2.50000095
v 3992.24682617 1936.99206543 2.50000095
v 3872.24682617 1936.21569824 2.50000095
v 3872.19580078 1936.60388184 2.50000095
v 3872.24682617 1936.99206543 2.50000095
v 3872.39672852 1937.35388184 2.50000095
v 3872.63500977 1937.66455078 2.50000095
v 3872.94580078 1937.9029541 2.50000095
v 3873.30761719 1938.05273438 2.50000095
v 3872.39672852 1935.85388184 2.50000095
v 3872.63500977 1935.54321289 2.50000095
v 3872.94580078 1935.30480957 2.50000095
v 3873.30761719 1935.1550293 2.50000095
v 3873.69580078 1920.50390625 172.5
v 3873.69580078 1917.70385742 172.5
v 3873.69580078 1920.60388184 172.5
v 3873.69580078 1917.60388184 172.5
v 3993.69580078 1917.60388184 172.5
v 3993.69580078 1920.60388184 172.5
v 3866.86743164 1937.60388184 142.5
v 3865.52416992 1937.60388184 142.5
v 3862.69580078 1934.77539062 142.5
v 3864.79223633 1937.50744629 142.5
v 3864.10986328 1937.22497559 142.5
v 3863.52416992 1936.77539062 142.5
v 3863.07470703 1936.18969727 142.5
v 3862.79223633 1935.50744629 142.5
v 3869.69580078 1934.77539062 142.5
v 3867.59936523 1937.50744629 142.5
v 3868.28149414 1937.22497559 142.5
v 3868.86743164 1936.77539062 142.5
v 3869.31689453 1936.18969727 142.5
v 3869.59936523 1935.50744629 142.5
v 3864.79223633 1931.37182617 157.5
v 3865.52416992 1931.27539062 157.5
v 3869.69580078 1931.27539062 157.5
v 3864.10986328 1931.65441895 157.5
v 3863.52416992 1932.10388184 157.5
v 3863.07470703 1932.68969727 157.5
v 3862.79223633 1933.37182617 157.5
v 3862.69580078 1934.10388184 157.5
v 3865.52416992 1937.60388184 157.5
v 3866.86743164 1937.60388184 157.5
v 3862.69580078 1934.77539062 157.5
v 3862.79223633 1935.50744629 157.5
v 3863.07470703 1936.18969727 157.5
v 3863.52416992 1936.77539062 157.5
v 3864.10986328 1937.22497559 157.5
v 3864.79223633 1937.50744629 157.5
v 3862.69580078 1934.10388184 172.5
v 3862.69580078 1935.44702148 172.5
v 3862.69580078 1935.44702148 157.5
v 3869.69580078 1934.77539062 157.5
v 3867.59936523 1937.50744629 157.5
v 3868.28149414 1937.22497559 157.5
v 3868.86743164 1936.77539062 157.5
v 3869.31689453 1936.18969727 157.5
v 3869.59936523 1935.50744629 157.5
v 3442.69580078 1920.60388184 172.5
v 3439.69580078 1917.60388184 172.5
v 3442.69580078 2161.60375977 172.5
v 3439.69580078 2161.60375977 172.5
v 3439.7956543 2161.60375977 172.5
v 3442.59570312 2161.60375977 172.5
v 3866.86743164 1937.60388184 217.5
v 3865.52416992 1937.60388184 217.5
v 3862.69580078 1934.77539062 217.5
v 3864.79223633 1937.50744629 217.5
v 3864.10986328 1937.22497559 217.5
v 3863.52416992 1936.77539062 217.5
v 3863.07470703 1936.18969727 217.5
v 3862.79223633 1935.50744629 217.5
v 3869.69580078 1934.77539062 217.5
v 3867.59936523 1937.50744629 217.5
v 3868.28149414 1937.22497559 217.5
v 3868.86743164 1936.77539062 217.5
v 3869.31689453 1936.18969727 217.5
v 3869.59936523 1935.50744629 217.5
v 3864.79223633 1931.37182617 232.5
v 3865.52416992 1931.27539062 232.5
v 3869.69580078 1931.27539062 232.5
v 3864.10986328 1931.65441895 232.5
v 3863.52416992 1932.10388184 232.5
v 3863.07470703 1932.68969727 232.5
v 3862.79223633 1933.37182617 232.5
v 3862.69580078 1934.10388184 232.5
v 3865.52416992 1937.60388184 232.5
v 3866.86743164 1937.60388184 232.5
v 3862.69580078 1934.77539062 232.5
v 3862.79223633 1935.50744629 232.5
v 3863.07470703 1936.18969727 232.5
v 3863.52416992 1936.77539062 232.5
v 3864.10986328 1937.22497559 232.5
v 3864.79223633 1937.50744629 232.5
v 3862.69580078 1934.10388184 247.5
v 3862.69580078 1935.44702148 247.5
v 3862.69580078 1935.44702148 232.5
v 3869.69580078 1934.77539062 232.5
v 3867.59936523 1937.50744629 232.5
v 3868.28149414 1937.22497559 232.5
v 3868.86743164 1936.77539062 232.5
v 3869.31689453 1936.18969727 232.5
v 3869.59936523 1935.50744629 232.5
v 3873.69580078 1936.77539062 172.5
v 3865.52416992 1938.27539062 172.5
v 3862.79223633 1936.17907715 172.5
v 3863.07470703 1936.86120605 172.5
v 3863.52416992 1937.44702148 172.5
v 3864.10986328 1937.89648438 172.5
v 3864.79223633 1938.17907715 172.5
v 3865.52416992 1931.27539062 172.5
v 3862.79223633 1933.37182617 172.5
v 3863.07470703 1932.68969727 172.5
v 3863.52416992 1932.10388184 172.5
v 3864.10986328 1931.65441895 172.5
v 3864.79223633 1931.37182617 172.5
v 3873.69580078 1931.27539062 172.5
v 3873.69580078 1931.77539062 172.5
v 3873.69580078 1938.27539062 172.5
v 3864.79223633 1938.17907715 157.5
v 3865.52416992 1938.27539062 157.5
v 3873.69580078 1938.27539062 157.5
v 3873.69580078 1936.77539062 157.5
v 3873.69580078 1931.77539062 157.5
v 3873.69580078 1931.27539062 157.5
v 3864.10986328 1937.89648438 157.5
v 3863.52416992 1937.44702148 157.5
v 3863.07470703 1936.86120605 157.5
v 3862.79223633 1936.17907715 157.5
v 3873.69580078 1936.77539062 247.5
v 3865.52416992 1938.27539062 247.5
v 3862.79223633 1936.17907715 247.5
v 3863.07470703 1936.86120605 247.5
v 3863.52416992 1937.44702148 247.5
v 3864.10986328 1937.89648438 247.5
v 3864.79223633 1938.17907715 247.5
v 3865.52416992 1931.27539062 247.5
v 3862.79223633 1933.37182617 247.5
v 3863.07470703 1932.68969727 247.5
v 3863.52416992 1932.10388184 247.5
v 3864.10986328 1931.65441895 247.5
v 3864.79223633 1931.37182617 247.5
v 3873.69580078 1931.27539062 247.5
v 3873.69580078 1931.77539062 247.5
v 3873.69580078 1938.27539062 247.5
v 3864.79223633 1938.17907715 232.5
v 3865.52416992 1938.27539062 232.5
v 3873.69580078 1938.27539062 232.5
v 3873.69580078 1936.77539062 232.5
v 3873.69580078 1931.77539062 232.5
v 3873.69580078 1931.27539062 232.5
v 3864.10986328 1937.89648438 232.5
v 3863.52416992 1937.44702148 232.5
v 3863.07470703 1936.86120605 232.5
v 3862.79223633 1936.17907715 232.5
v 3883.69580078 1936.77539062 132.5
v 3883.69580078 1936.77539062 262.5
v 3983.69580078 1936.77539062 132.5
v 3993.69580078 1936.77539062 122.5
v 3873.69580078 1936.77539062 122.5
v 3983.69580078 1936.77539062 262.5
v 3993.69580078 1936.77539062 272.5
v 3873.69580078 1936.77539062 272.5
v 3883.69580078 1931.77539062 262.5
v 3883.69580078 1931.77539062 132.5
v 3873.69580078 1931.77539062 122.5
v 3983.69580078 1931.77539062 262.5
v 3993.69580078 1931.77539062 272.5
v 3873.69580078 1931.77539062 272.5
v 3983.69580078 1931.77539062 132.5
v 3993.69580078 1931.77539062 122.5
v 3988.69580078 1932.77539062 272.5
v 3988.69580078 1935.77539062 272.5
v 3878.69580078 1932.77539062 272.5
v 3878.69580078 1935.77539062 272.5
v 3883.69580078 1935.77539062 132.5
v 3983.69580078 1935.77539062 132.5
v 3983.69580078 1935.77539062 262.5
v 3983.69580078 1932.77539062 262.5
v 3983.69580078 1932.77539062 132.5
v 3883.69580078 1932.77539062 132.5
v 3883.69580078 1935.77539062 262.5
v 3883.69580078 1932.77539062 262.5
v 3988.69580078 1932.77539062 127.5
v 3878.69580078 1932.77539062 127.5
v 3988.69580078 1935.77539062 127.5
v 3878.69580078 1935.77539062 127.5
v 3433.69580078 2161.60375977 252.5
v 3433.69580078 2261.60375977 252.5
v 3448.69580078 2150.60375977 37.5
v 3448.69580078 2157.60375977 37.5
v 3454.36743164 2150.60375977 37.5
v 3454.36743164 2157.60375977 37.5
v 3457.19580078 2153.43237305 37.5
v 3457.19580078 2154.77539062 37.5
v 3457.09936523 2155.50756836 37.5
v 3456.81689453 2156.18969727 37.5
v 3456.36743164 2156.77539062 37.5
v 3455.78149414 2157.22485352 37.5
v 3455.09936523 2157.50756836 37.5
v 3457.09936523 2152.70019531 37.5
v 3456.81689453 2152.01806641 37.5
v 3456.36743164 2151.43237305 37.5
v 3455.78149414 2150.98291016 37.5
v 3455.09936523 2150.70019531 37.5
v 3457.19580078 2161.60375977 67.5
v 3457.19580078 2153.43237305 67.5
v 3457.19580078 2154.77539062 52.5
v 3457.19580078 2161.60375977 52.5
v 3454.36743164 2150.60375977 67.5
v 3455.09936523 2150.70019531 67.5
v 3455.78149414 2150.98291016 67.5
v 3456.36743164 2151.43237305 67.5
v 3456.81689453 2152.01806641 67.5
v 3457.09936523 2152.70019531 67.5
v 3448.69580078 2150.60375977 52.5
v 3453.02416992 2150.60375977 52.5
v 3453.02416992 2150.60375977 67.5
v 3454.36743164 2157.60375977 52.5
v 3455.09936523 2157.50756836 52.5
v 3455.78149414 2157.22485352 52.5
v 3456.36743164 2156.77539062 52.5
v 3456.81689453 2156.18969727 52.5
v 3457.09936523 2155.50756836 52.5
v 3450.19580078 2157.60375977 52.5
v 3448.69580078 2157.60375977 52.5
v 3450.19580078 2153.43237305 52.5
v 3450.29223633 2152.70019531 52.5
v 3450.57470703 2152.01806641 52.5
v 3451.02416992 2151.43237305 52.5
v 3451.60986328 2150.98291016 52.5
v 3452.29223633 2150.70019531 52.5
v 3448.69580078 2161.60375977 9.50000095
v 3448.69580078 2161.60375977 252.5
v 3448.69580078 2150.60375977 192.26303101
v 3448.69580078 2150.60375977 177.26303101
v 3448.69580078 2157.60375977 192.26303101
v 3448.69580078 2157.60375977 177.26303101
v 3448.69580078 2261.60375977 252.5
v 3448.69580078 2261.60375977 9.50000095
v 3454.74755859 2150.60375977 177.26303101
v 3454.74755859 2157.60375977 177.26303101
v 3457.57592773 2153.43237305 177.26303101
v 3457.57592773 2154.77539062 177.26303101
v 3457.47949219 2155.50756836 177.26303101
v 3457.19702148 2156.18969727 177.26303101
v 3456.74755859 2156.77539062 177.26303101
v 3456.16186523 2157.22485352 177.26303101
v 3455.47949219 2157.50756836 177.26303101
v 3457.47949219 2152.70019531 177.26303101
v 3457.19702148 2152.01806641 177.26303101
v 3456.74755859 2151.43237305 177.26303101
v 3456.16186523 2150.98291016 177.26303101
v 3455.47949219 2150.70019531 177.26303101
v 3457.57592773 2161.60375977 207.26303101
v 3457.57592773 2153.43237305 207.26303101
v 3457.57592773 2154.77539062 192.26303101
v 3457.57592773 2161.60375977 192.26303101
v 3454.74755859 2150.60375977 207.26303101
v 3455.47949219 2150.70019531 207.26303101
v 3456.16186523 2150.98291016 207.26303101
v 3456.74755859 2151.43237305 207.26303101
v 3457.19702148 2152.01806641 207.26303101
v 3457.47949219 2152.70019531 207.26303101
v 3453.40429688 2150.60375977 192.26303101
v 3453.40429688 2150.60375977 207.26303101
v 3454.74755859 2157.60375977 192.26303101
v 3455.47949219 2157.50756836 192.26303101
v 3456.16186523 2157.22485352 192.26303101
v 3456.74755859 2156.77539062 192.26303101
v 3457.19702148 2156.18969727 192.26303101
v 3457.47949219 2155.50756836 192.26303101
v 3450.57592773 2157.60375977 192.26303101
v 3450.57592773 2153.43237305 192.26303101
v 3450.67236328 2152.70019531 192.26303101
v 3450.95483398 2152.01806641 192.26303101
v 3451.40429688 2151.43237305 192.26303101
v 3451.99023438 2150.98291016 192.26303101
v 3452.67236328 2150.70019531 192.26303101
v 3458.69580078 2261.60375977 9.50000095
v 3458.69580078 2261.60375977 252.5
v 3458.69580078 2161.60375977 9.50000095
v 3458.69580078 2161.60375977 252.5
v 3450.19580078 2161.60375977 52.5
v 3450.19580078 2161.60375977 67.5
v 3450.57592773 2161.60375977 207.26303101
v 3450.57592773 2161.60375977 192.26303101
v 3450.57592773 2153.43237305 207.26303101
v 3452.67236328 2150.70019531 207.26303101
v 3451.99023438 2150.98291016 207.26303101
v 3451.40429688 2151.43237305 207.26303101
v 3450.95483398 2152.01806641 207.26303101
v 3450.67236328 2152.70019531 207.26303101
v 3450.19580078 2153.43237305 67.5
v 3452.29223633 2150.70019531 67.5
v 3451.60986328 2150.98291016 67.5
v 3451.02416992 2151.43237305 67.5
v 3450.57470703 2152.01806641 67.5
v 3450.29223633 2152.70019531 67.5
v 4033.69580078 2511.50097656 172.5
v 4033.59277344 2509.60375977 202.5
v 4033.69580078 2502.60375977 172.5
v 3865.52416992 2485.60375977 217.5
v 3866.86743164 2485.60375977 217.5
v 3869.69580078 2488.43237305 217.5
v 3867.59936523 2485.70019531 217.5
v 3868.28149414 2485.98291016 217.5
v 3868.86743164 2486.43237305 217.5
v 3869.31689453 2487.01806641 217.5
v 3869.59936523 2487.70019531 217.5
v 3864.79223633 2485.70019531 217.5
v 3864.10986328 2485.98291016 217.5
v 3863.52416992 2486.43237305 217.5
v 3863.07470703 2487.01806641 217.5
v 3862.79223633 2487.70019531 217.5
v 3867.68115234 2487.09301758 157.5
v 3867.68115234 2487.09301758 147.5
v 3867.97192383 2487.51269531 157.5
v 3867.97192383 2487.51269531 147.5
v 3868.14672852 2487.99267578 157.5
v 3868.14672852 2487.99267578 147.5
v 3868.19458008 2488.50097656 157.5
v 3868.19458008 2488.50097656 147.5
v 3868.11206055 2489.00512695 157.5
v 3868.11206055 2489.00512695 147.5
v 3867.90454102 2489.47167969 157.5
v 3867.90454102 2489.47167969 147.5
v 3867.58544922 2489.87060547 157.5
v 3867.58544922 2489.87060547 147.5
v 3867.17578125 2490.17578125 157.5
v 3867.17578125 2490.17578125 147.5
v 3866.70239258 2490.3671875 157.5
v 3866.70239258 2490.3671875 147.5
v 3866.19580078 2490.43237305 157.5
v 3866.19580078 2490.43237305 147.5
v 3865.68920898 2490.3671875 157.5
v 3865.68920898 2490.3671875 147.5
v 3865.21557617 2490.17578125 157.5
v 3865.21557617 2490.17578125 147.5
v 3864.80615234 2489.87060547 157.5
v 3864.80615234 2489.87060547 147.5
v 3864.48706055 2489.47167969 157.5
v 3864.48706055 2489.47167969 147.5
v 3864.27954102 2489.00512695 157.5
v 3864.27954102 2489.00512695 147.5
v 3864.19702148 2488.50097656 157.5
v 3864.19702148 2488.50097656 147.5
v 3864.24462891 2487.99267578 157.5
v 3864.24462891 2487.99267578 147.5
v 3864.41967773 2487.51269531 157.5
v 3864.41967773 2487.51269531 147.5
v 3864.71044922 2487.09301758 157.5
v 3864.71044922 2487.09301758 147.5
v 3864.25830078 2487.52392578 157.5
v 3863.92700195 2488.05371094 157.5
v 3863.73754883 2488.64892578 157.5
v 3863.70141602 2489.27246094 157.5
v 3863.82128906 2489.88574219 157.5
v 3864.08911133 2490.44995117 157.5
v 3864.48876953 2490.93041992 157.5
v 3864.99487305 2491.29663086 157.5
v 3865.57592773 2491.52587891 157.5
v 3866.19580078 2491.60375977 157.5
v 3866.81567383 2491.52587891 157.5
v 3867.39672852 2491.29663086 157.5
v 3867.90283203 2490.93041992 157.5
v 3868.30249023 2490.44995117 157.5
v 3868.5703125 2489.88574219 157.5
v 3868.69018555 2489.27246094 157.5
v 3868.65405273 2488.64892578 157.5
v 3868.46435547 2488.05371094 157.5
v 3868.13330078 2487.52392578 157.5
v 3868.13330078 2487.52392578 147.5
v 3868.46435547 2488.05371094 147.5
v 3868.65405273 2488.64892578 147.5
v 3868.69018555 2489.27246094 147.5
v 3868.5703125 2489.88574219 147.5
v 3868.30249023 2490.44995117 147.5
v 3867.90283203 2490.93041992 147.5
v 3867.39672852 2491.29663086 147.5
v 3866.81567383 2491.52587891 147.5
v 3866.19580078 2491.60375977 147.5
v 3865.57592773 2491.52587891 147.5
v 3864.99487305 2491.29663086 147.5
v 3864.48876953 2490.93041992 147.5
v 3864.08911133 2490.44995117 147.5
v 3863.82128906 2489.88574219 147.5
v 3863.70141602 2489.27246094 147.5
v 3863.73754883 2488.64892578 147.5
v 3863.92700195 2488.05371094 147.5
v 3864.25830078 2487.52392578 147.5
v 3454.5637207 2151.65185547 192.26303101
v 3454.07592773 2151.60375977 192.26303101
v 3454.07592773 2152.10375977 192.26303101
v 3453.70922852 2151.63085938 192.26303101
v 3453.7824707 2152.12548828 192.26303101
v 3453.3503418 2151.71142578 192.26303101
v 3453.49536133 2152.18994141 192.26303101
v 3453.00708008 2151.84399414 192.26303101
v 3453.22094727 2152.29589844 192.26303101
v 3452.68701172 2152.02514648 192.26303101
v 3452.96484375 2152.44091797 192.26303101
v 3452.39697266 2152.25146484 192.26303101
v 3452.73291016 2152.62207031 192.26303101
v 3452.14355469 2152.51782227 192.26303101
v 3452.5300293 2152.83496094 192.26303101
v 3451.93164062 2152.81860352 192.26303101
v 3452.3605957 2153.07568359 192.26303101
v 3451.76635742 2153.1472168 192.26303101
v 3452.22827148 2153.33837891 192.26303101
v 3451.65087891 2153.49633789 192.26303101
v 3452.13598633 2153.61791992 192.26303101
v 3451.58813477 2153.85888672 192.26303101
v 3452.08569336 2153.90771484 192.26303101
v 3451.57910156 2154.2265625 192.26303101
v 3452.07836914 2154.2019043 192.26303101
v 3452.11450195 2154.49414062 192.26303101
v 3451.62402344 2154.59155273 192.26303101
v 3452.19287109 2154.77758789 192.26303101
v 3451.72216797 2154.94604492 192.26303101
v 3452.31225586 2155.04663086 192.26303101
v 3451.87109375 2155.2824707 192.26303101
v 3452.46948242 2155.29516602 192.26303101
v 3452.06787109 2155.59301758 192.26303101
v 3452.66186523 2155.51806641 192.26303101
v 3452.30810547 2155.87158203 192.26303101
v 3452.88452148 2155.71020508 192.26303101
v 3452.58666992 2156.11181641 192.26303101
v 3453.13330078 2155.86767578 192.26303101
v 3452.89746094 2156.30859375 192.26303101
v 3453.40209961 2155.98706055 192.26303101
v 3453.23364258 2156.45776367 192.26303101
v 3453.68579102 2156.06542969 192.26303101
v 3453.58813477 2156.5559082 192.26303101
v 3453.9777832 2156.1015625 192.26303101
v 3453.95336914 2156.60083008 192.26303101
v 3454.32104492 2156.59179688 192.26303101
v 3454.27197266 2156.09423828 192.26303101
v 3454.68334961 2156.52905273 192.26303101
v 3454.56201172 2156.04394531 192.26303101
v 3455.03271484 2156.41357422 192.26303101
v 3454.84130859 2155.95166016 192.26303101
v 3455.36132812 2156.24829102 192.26303101
v 3455.10424805 2155.81933594 192.26303101
v 3455.66186523 2156.03637695 192.26303101
v 3455.34472656 2155.64990234 192.26303101
v 3455.9284668 2155.78271484 192.26303101
v 3455.55786133 2155.44702148 192.26303101
v 3456.15454102 2155.49267578 192.26303101
v 3455.73901367 2155.21508789 192.26303101
v 3456.3359375 2155.17285156 192.26303101
v 3455.8840332 2154.95898438 192.26303101
v 3456.46826172 2154.82958984 192.26303101
v 3455.98974609 2154.68432617 192.26303101
v 3456.54882812 2154.47070312 192.26303101
v 3456.05444336 2154.3972168 192.26303101
v 3456.07592773 2154.10375977 192.26303101
v 3456.57592773 2154.10375977 192.26303101
v 3456.03759766 2153.71362305 192.26303101
v 3456.52783203 2153.61621094 192.26303101
v 3455.92382812 2153.33837891 192.26303101
v 3456.38574219 2153.1472168 192.26303101
v 3455.73901367 2152.99267578 192.26303101
v 3456.15454102 2152.71484375 192.26303101
v 3455.49023438 2152.68969727 192.26303101
v 3455.84375 2152.33618164 192.26303101
v 3455.18701172 2152.44091797 192.26303101
v 3455.46484375 2152.02514648 192.26303101
v 3454.84130859 2152.25610352 192.26303101
v 3455.03271484 2151.79418945 192.26303101
v 3454.46606445 2152.14233398 192.26303101
v 3456.05444336 2154.3972168 182.26303101
v 3456.07592773 2154.10375977 182.26303101
v 3456.03759766 2153.71362305 182.26303101
v 3455.98974609 2154.68432617 182.26303101
v 3455.8840332 2154.95898438 182.26303101
v 3455.73901367 2155.21508789 182.26303101
v 3455.55786133 2155.44702148 182.26303101
v 3455.34472656 2155.64990234 182.26303101
v 3455.10424805 2155.81933594 182.26303101
v 3454.84130859 2155.95166016 182.26303101
v 3454.56201172 2156.04394531 182.26303101
v 3454.27197266 2156.09423828 182.26303101
v 3453.9777832 2156.1015625 182.26303101
v 3453.68579102 2156.06542969 182.26303101
v 3453.40209961 2155.98706055 182.26303101
v 3453.13330078 2155.86767578 182.26303101
v 3452.88452148 2155.71020508 182.26303101
v 3452.66186523 2155.51806641 182.26303101
v 3452.46948242 2155.29516602 182.26303101
v 3452.31225586 2155.04663086 182.26303101
v 3452.19287109 2154.77758789 182.26303101
v 3452.11450195 2154.49414062 182.26303101
v 3452.07836914 2154.2019043 182.26303101
v 3452.08569336 2153.90771484 182.26303101
v 3452.13598633 2153.61791992 182.26303101
v 3452.22827148 2153.33837891 182.26303101
v 3452.3605957 2153.07568359 182.26303101
v 3452.5300293 2152.83496094 182.26303101
v 3452.73291016 2152.62207031 182.26303101
v 3452.96484375 2152.44091797 182.26303101
v 3453.22094727 2152.29589844 182.26303101
v 3453.49536133 2152.18994141 182.26303101
v 3453.7824707 2152.12548828 182.26303101
v 3454.07592773 2152.10375977 182.26303101
v 3454.46606445 2152.14233398 182.26303101
v 3454.84130859 2152.25610352 182.26303101
v 3455.18701172 2152.44091797 182.26303101
v 3455.49023438 2152.68969727 182.26303101
v 3455.73901367 2152.99267578 182.26303101
v 3455.92382812 2153.33837891 182.26303101
v 3453.70922852 2151.63085938 182.26303101
v 3454.07592773 2151.60375977 182.26303101
v 3454.5637207 2151.65185547 182.26303101
v 3453.3503418 2151.71142578 182.26303101
v 3453.00708008 2151.84399414 182.26303101
v 3452.68701172 2152.02514648 182.26303101
v 3452.39697266 2152.25146484 182.26303101
v 3452.14355469 2152.51782227 182.26303101
v 3451.93164062 2152.81860352 182.26303101
v 3451.76635742 2153.1472168 182.26303101
v 3451.65087891 2153.49633789 182.26303101
v 3451.58813477 2153.85888672 182.26303101
v 3451.57910156 2154.2265625 182.26303101
v 3451.62402344 2154.59155273 182.26303101
v 3451.72216797 2154.94604492 182.26303101
v 3451.87109375 2155.2824707 182.26303101
v 3452.06787109 2155.59301758 182.26303101
v 3452.30810547 2155.87158203 182.26303101
v 3452.58666992 2156.11181641 182.26303101
v 3452.89746094 2156.30859375 182.26303101
v 3453.23364258 2156.45776367 182.26303101
v 3453.58813477 2156.5559082 182.26303101
v 3453.95336914 2156.60083008 182.26303101
v 3454.32104492 2156.59179688 182.26303101
v 3454.68334961 2156.52905273 182.26303101
v 3455.03271484 2156.41357422 182.26303101
v 3455.36132812 2156.24829102 182.26303101
v 3455.66186523 2156.03637695 182.26303101
v 3455.9284668 2155.78271484 182.26303101
v 3456.15454102 2155.49267578 182.26303101
v 3456.3359375 2155.17285156 182.26303101
v 3456.46826172 2154.82958984 182.26303101
v 3456.54882812 2154.47070312 182.26303101
v 3456.57592773 2154.10375977 182.26303101
v 3456.52783203 2153.61621094 182.26303101
v 3456.38574219 2153.1472168 182.26303101
v 3456.15454102 2152.71484375 182.26303101
v 3455.84375 2152.33618164 182.26303101
v 3455.46484375 2152.02514648 182.26303101
v 3455.03271484 2151.79418945 182.26303101
v 3454.18359375 2151.65185547 52.5
v 3453.69580078 2151.60375977 52.5
v 3453.69580078 2152.10375977 52.5
v 3453.32885742 2151.63085938 52.5
v 3453.40234375 2152.12548828 52.5
v 3452.9699707 2151.71142578 52.5
v 3453.11523438 2152.18994141 52.5
v 3452.62695312 2151.84399414 52.5
v 3452.84057617 2152.29589844 52.5
v 3452.30688477 2152.02514648 52.5
v 3452.5847168 2152.44091797 52.5
v 3452.0168457 2152.25146484 52.5
v 3452.35253906 2152.62207031 52.5
v 3451.76318359 2152.51782227 52.5
v 3452.1496582 2152.83496094 52.5
v 3451.55151367 2152.81860352 52.5
v 3451.98022461 2153.07568359 52.5
v 3451.38598633 2153.1472168 52.5
v 3451.84790039 2153.33837891 52.5
v 3451.27075195 2153.49633789 52.5
v 3451.75561523 2153.61791992 52.5
v 3451.20776367 2153.85888672 52.5
v 3451.70532227 2153.90771484 52.5
v 3451.19873047 2154.2265625 52.5
v 3451.69824219 2154.2019043 52.5
v 3451.73413086 2154.49414062 52.5
v 3451.24389648 2154.59155273 52.5
v 3451.81274414 2154.77758789 52.5
v 3451.34179688 2154.94604492 52.5
v 3451.93188477 2155.04663086 52.5
v 3451.4909668 2155.2824707 52.5
v 3452.08935547 2155.29516602 52.5
v 3451.68774414 2155.59301758 52.5
v 3452.28149414 2155.51806641 52.5
v 3451.92797852 2155.87158203 52.5
v 3452.50439453 2155.71020508 52.5
v 3452.20654297 2156.11181641 52.5
v 3452.75292969 2155.86767578 52.5
v 3452.51733398 2156.30859375 52.5
v 3453.02197266 2155.98706055 52.5
v 3452.85351562 2156.45776367 52.5
v 3453.30566406 2156.06542969 52.5
v 3453.20800781 2156.5559082 52.5
v 3453.59765625 2156.1015625 52.5
v 3453.57299805 2156.60083008 52.5
v 3453.94091797 2156.59179688 52.5
v 3453.8918457 2156.09423828 52.5
v 3454.30322266 2156.52905273 52.5
v 3454.18164062 2156.04394531 52.5
v 3454.65258789 2156.41357422 52.5
v 3454.46118164 2155.95166016 52.5
v 3454.98095703 2156.24829102 52.5
v 3454.72387695 2155.81933594 52.5
v 3455.28173828 2156.03637695 52.5
v 3454.96459961 2155.64990234 52.5
v 3455.5480957 2155.78271484 52.5
v 3455.17773438 2155.44702148 52.5
v 3455.77441406 2155.49267578 52.5
v 3455.35864258 2155.21508789 52.5
v 3455.95581055 2155.17285156 52.5
v 3455.50366211 2154.95898438 52.5
v 3456.08813477 2154.82958984 52.5
v 3455.60961914 2154.68432617 52.5
v 3456.16870117 2154.47070312 52.5
v 3455.67407227 2154.3972168 52.5
v 3455.69580078 2154.10375977 52.5
v 3456.19580078 2154.10375977 52.5
v 3455.65722656 2153.71362305 52.5
v 3456.14770508 2153.61621094 52.5
v 3455.54345703 2153.33837891 52.5
v 3456.00537109 2153.1472168 52.5
v 3455.35864258 2152.99267578 52.5
v 3455.77441406 2152.71484375 52.5
v 3455.10986328 2152.68969727 52.5
v 3455.46362305 2152.33618164 52.5
v 3454.80688477 2152.44091797 52.5
v 3455.0847168 2152.02514648 52.5
v 3454.46118164 2152.25610352 52.5
v 3454.65258789 2151.79418945 52.5
v 3454.0859375 2152.14233398 52.5
v 3455.67407227 2154.3972168 42.5
v 3455.69580078 2154.10375977 42.5
v 3455.65722656 2153.71362305 42.5
v 3455.60961914 2154.68432617 42.5
v 3455.50366211 2154.95898438 42.5
v 3455.35864258 2155.21508789 42.5
v 3455.17773438 2155.44702148 42.5
v 3454.96459961 2155.64990234 42.5
v 3454.72387695 2155.81933594 42.5
v 3454.46118164 2155.95166016 42.5
v 3454.18164062 2156.04394531 42.5
v 3453.8918457 2156.09423828 42.5
v 3453.59765625 2156.1015625 42.5
v 3453.30566406 2156.06542969 42.5
v 3453.02197266 2155.98706055 42.5
v 3452.75292969 2155.86767578 42.5
v 3452.50439453 2155.71020508 42.5
v 3452.28149414 2155.51806641 42.5
v 3452.08935547 2155.29516602 42.5
v 3451.93188477 2155.04663086 42.5
v 3451.81274414 2154.77758789 42.5
v 3451.73413086 2154.49414062 42.5
v 3451.69824219 2154.2019043 42.5
v 3451.70532227 2153.90771484 42.5
v 3451.75561523 2153.61791992 42.5
v 3451.84790039 2153.33837891 42.5
v 3451.98022461 2153.07568359 42.5
v 3452.1496582 2152.83496094 42.5
v 3452.35253906 2152.62207031 42.5
v 3452.5847168 2152.44091797 42.5
v 3452.84057617 2152.29589844 42.5
v 3453.11523438 2152.18994141 42.5
v 3453.40234375 2152.12548828 42.5
v 3453.69580078 2152.10375977 42.5
v 3454.0859375 2152.14233398 42.5
v 3454.46118164 2152.25610352 42.5
v 3454.80688477 2152.44091797 42.5
v 3455.10986328 2152.68969727 42.5
v 3455.35864258 2152.99267578 42.5
v 3455.54345703 2153.33837891 42.5
v 3453.32885742 2151.63085938 42.5
v 3453.69580078 2151.60375977 42.5
v 3454.18359375 2151.65185547 42.5
v 3452.9699707 2151.71142578 42.5
v 3452.62695312 2151.84399414 42.5
v 3452.30688477 2152.02514648 42.5
v 3452.0168457 2152.25146484 42.5
v 3451.76318359 2152.51782227 42.5
v 3451.55151367 2152.81860352 42.5
v 3451.38598633 2153.1472168 42.5
v 3451.27075195 2153.49633789 42.5
v 3451.20776367 2153.85888672 42.5
v 3451.19873047 2154.2265625 42.5
v 3451.24389648 2154.59155273 42.5
v 3451.34179688 2154.94604492 42.5
v 3451.4909668 2155.2824707 42.5
v 3451.68774414 2155.59301758 42.5
v 3451.92797852 2155.87158203 42.5
v 3452.20654297 2156.11181641 42.5
v 3452.51733398 2156.30859375 42.5
v 3452.85351562 2156.45776367 42.5
v 3453.20800781 2156.5559082 42.5
v 3453.57299805 2156.60083008 42.5
v 3453.94091797 2156.59179688 42.5
v 3454.30322266 2156.52905273 42.5
v 3454.65258789 2156.41357422 42.5
v 3454.98095703 2156.24829102 42.5
v 3455.28173828 2156.03637695 42.5
v 3455.5480957 2155.78271484 42.5
v 3455.77441406 2155.49267578 42.5
v 3455.95581055 2155.17285156 42.5
v 3456.08813477 2154.82958984 42.5
v 3456.16870117 2154.47070312 42.5
v 3456.19580078 2154.10375977 42.5
v 3456.14770508 2153.61621094 42.5
v 3456.00537109 2153.1472168 42.5
v 3455.77441406 2152.71484375 42.5
v 3455.46362305 2152.33618164 42.5
v 3455.0847168 2152.02514648 42.5
v 3454.65258789 2151.79418945 42.5
vn -0 -0 -1
vn 0.82207 0.56939 -0
vn 0.93948 0.34261 -0
vn 0.99562 0.09349 -0
vn 0.98684 -0.16172 0
vn 0.9137 -0.40639 0
vn 0.78098 -0.62456 0
vn 0.59733 -0.802 0
vn 0.37472 -0.92714 0
vn 0.12768 -0.99181 0
vn -0.12768 -0.99181 0
vn -0.37472 -0.92714 0
vn -0.59733 -0.802 0
vn -0.78098 -0.62456 0
vn -0.9137 -0.40639 0
vn -0.98684 -0.16172 0
vn -0.99562 0.09349 0
vn -0.93948 0.34261 0
vn -0.82207 0.56939 0
vn 0 0 1
vn 0 0 1
vn -0 0 1
vn -0.68996 -0.72385 -0
vn -0.84788 -0.53019 -0
vn -0.95286 -0.30342 -0
vn -0.99833 -0.0577 -0
vn -0.98147 0.19162 0
vn -0.90332 0.42897 0
vn -0.76876 0.63954 0
vn -0.5862 0.81017 0
vn -0.36703 0.93021 0
vn -0.12494 0.99216 0
vn 0.12494 0.99216 0
vn 0.36703 0.93021 0
vn 0.5862 0.81017 0
vn 0.76876 0.63954 0
vn 0.90332 0.42897 0
vn 0.98147 0.19162 0
vn 0.99833 -0.0577 0
vn 0.95286 -0.30342 0
vn 0.84788 -0.53019 0
vn 0.68996 -0.72385 0
vn 0 0 -1
vn 0 0 -1
vn 0 0 -1
vn 0 0 -1
vn 0 0 -1
vn 0 -0 -1
vn 0 0 -1
vn 0 -0 -1
vn 0 -0 -1
vn 0 -0 -1
vn 0 -0 -1
vn 0 -0 -1
vn 0 -0 -1
vn 0 -0 -1
vn 0 -0 -1
vn 0 -0 -1
vn 0 -0 -1
vn 0 -0 -1
vn -0 -0 -1
vn -0 -0 -1
vn -0 -0 -1
vn -0 -0 -1
vn -0 -0 -1
vn -0 -0 -1
vn -0 -0 -1
vn -0 -0 -1
vn -0 -0 -1
vn -0 -0 -1
vn -0 -0 -1
vn -0 0 -1
vn -0 -0 -1
vn -0 0 -1
vn -0 0 -1
vn -0 0 -1
vn -0 0 -1
vn -0 0 -1
vn 0 0 1
vn -0 0 1
vn 0.68996 0.72385 0
vn 0.84788 0.53019 0
vn 0.95286 0.30342 0
vn 0.99833 0.0577 0
vn 0.98147 -0.19162 0
vn 0.90332 -0.42897 0
vn 0.76876 -0.63954 0
vn 0.5862 -0.81017 0
vn 0.36703 -0.93021 0
vn 0.12494 -0.99216 0
vn -0.12494 -0.99216 -0
vn -0.36703 -0.93021 -0
vn -0.5862 -0.81017 -0
vn -0.76876 -0.63954 -0
vn -0.90332 -0.42897 -0
vn -0.98147 -0.19162 -0
vn -0.99833 0.0577 0
vn -0.95286 0.30342 0
vn -0.84788 0.53019 0
vn -0.68996 0.72385 0
vn -0 -0 1
vn 0 -0 1
vn -0.82207 -0.56939 0
vn -0.93948 -0.34261 0
vn -0.99562 -0.09349 0
vn -0.98684 0.16172 0
vn -0.9137 0.40639 0
vn -0.78098 0.62456 0
vn -0.59733 0.802 0
vn -0.37472 0.92714 0
vn -0.12768 0.99181 0
vn 0.12768 0.99181 -0
vn 0.37472 0.92714 -0
vn 0.59733 0.802 -0
vn 0.78098 0.62456 -0
vn 0.9137 0.40639 -0
vn 0.98684 0.16172 -0
vn 0.99562 -0.09349 0
vn 0.93948 -0.34261 0
vn 0.82207 -0.56939 0
vn -1 0 -0
vn -0 -0 -1
vn 0 0 -1
vn -0 0 -1
vn -0 0 -1
vn 0 0 -1
vn 0 -0 -1
vn 0 0 -1
vn -0 -0 -1
vn -0 -0 -1
vn 0 0 -1
vn 0 0 -1
vn 0 -0 -1
vn -0 -0 -1
vn -0 -0 -1
vn -0 0.99123 0.13216
vn -0 0.99123 0.13216
vn 0 1 -0
vn 1 0 0
vn 0 0 1
vn 0 0 1
vn 0 -0 1
vn -0 0 1
vn -0 0 1
vn 0 -0 1
vn -0 -0 1
vn -0 -0 1
vn 0 0 1
vn 0 0 1
vn -0 0 1
vn -0 -0 1
vn 0 -0 1
vn 0 0 1
vn -0.70711 -0.70711 -0
vn -0.70711 -0.70711 0
vn 0 -1 0
vn 0 -0 -1
vn 0 -0.99123 0.13216
vn 0 -0.99123 0.13216
vn 0.70711 0.70711 0
vn 0 0 1
vn 0 -0 1
vn 0 0 1
vn 0 -1 0
vn 0 0 1
vn -0 0 -1
vn -0 1 -0
vn 0 1 -0
vn 0 1 -0
vn 0 1 0
vn 0 1 0
vn 0 -1 -0
vn -0 -1 -0
vn -0 -1 -0
vn 0 -1 0
vn -0 -1 0
vn 1 0 0
vn -0.13053 0.99144 0
vn -0.38268 0.92388 0
vn -0.60876 0.79335 0
vn -0.79335 0.60876 0
vn -0.92388 0.38268 0
vn -0.99144 0.13053 0
vn -0 1 0
vn -0 1 0
vn 0 -1 0
vn -0.99144 -0.13053 -0
vn -0.92388 -0.38268 -0
vn -0.79335 -0.60876 -0
vn -0.60876 -0.79335 -0
vn -0.38268 -0.92388 -0
vn -0.13053 -0.99144 -0
vn -1 -0 0
vn -1 0 0
vn -1 0 0
vn -1 -0 -0
vn 0.23747 -0.9714 0
vn -1 -0 0
vn 1 0 0
vn -0 0 1
vn -0 -0 1
vn 0 0 1
vn 0 0 1
vn -0 -0 1
vn -0 0 1
vn -0 0 1
vn 0 -0 1
vn 0 -0 1
vn 0 -0 1
vn 0 -0 1
vn 0 -0 1
vn 0 -0 1
vn 0 -0 1
vn 0 0 1
vn -0 -0 1
vn 0 0 1
vn 0 -0 1
vn 0 0 1
vn 0 0 1
vn 0 0 1
vn -0 -0 1
vn 0 0 1
vn 0 -0 1
vn -0 -0 1
vn -0 0 1
vn -0 0 1
vn 0 0 1
vn 0 -0 1
vn -0 0 1
vn 0 -0 1
vn 0 -0 1
vn -0 -0 1
vn -0 0 1
vn -0 -0 1
vn 0 0 1
vn 0 0 1
vn 0 0 1
vn 0 -0 1
vn -0 -0 1
vn -0 0 1
vn -0 -0 1
vn -0 -0 1
vn -0 -0 1
vn -0 0 1
vn -0 0 1
vn -0 -0 1
vn -0 -0 1
vn -0 -0 1
vn 0 -0 1
vn 0 -0 1
vn 0 -0 1
vn -0 0 1
vn -0 0 1
vn 0 -0 1
vn -0 -0 1
vn -0 -0 1
vn -0 -0 1
vn -0 -0 1
vn -0 -0 1
vn -0 -0 1
vn -0 -0 1
vn -0 0 1
vn -0 0 1
vn -0 0 1
vn -0 0 1
vn -0 0 1
vn -0 0 1
vn 0 0 1
vn -0 0 1
vn 0 -0 1
vn 0 -0 1
vn -0 0 1
vn -0 -0 1
vn -0 0 1
vn 0 0 1
vn 0 0 1
vn 0 0 1
vn 0 0 1
vn 0 0 1
vn 0 -0 1
vn 0 -0 1
vn 0 -0 1
vn 0 -0 1
vn 0 -0 1
vn 0 -0 1
vn 0 -0 1
vn 0 -0 1
vn -0 -0 1
vn -0 -0 1
vn -0 -0 1
vn -0 -0 1
vn -0 -0 1
vn -0 -0 1
vn -0 0 1
vn 0 0 1
vn -0 0 1
vn -0 0 1
vn -0 0 1
vn -0 0 1
vn 0 0 1
vn 0 0 1
vn 0 0 1
vn 0 0 1
vn 0 0 1
vn 0 -0 1
vn 0 -0 1
vn 0 -0 1
vn 0 -0 1
vn 0 -0 1
vn 0 -0 1
vn -0 -0 1
vn -0 -0 1
vn -0 -0 1
vn -0 -0 1
vn -0 -0 1
vn -0 0 1
vn -0 0 1
vn -0 0 1
vn -0 0 1
vn -0 -0 1
vn -0 0 1
vn 0 0 1
vn 0 0 1
vn 0 -0 1
vn -0 0 1
vn 0 -0 1
vn 0 0 1
vn 0 -0 1
vn 0 -0 1
vn 0 -0 1
vn 0 -0 1
vn 0 -0 1
vn 0 0 1
vn 0 0 1
vn -0 0 1
vn -0 -0 1
vn -0 -0 1
vn -0 -0 1
vn 0 0 1
vn 0 0 1
vn 0 0 1
vn 0 -0 1
vn 0 -0 1
vn 0 0 1
vn 0 0 1
vn 0 0 1
vn 0 -0 1
vn 0 -0 1
vn 0 0 1
vn 0 0 1
vn 0 0 1
vn -0 -0 1
vn -0 0 1
vn 0 0 1
vn 0 -0 1
vn 0 -0 1
vn -0 0 1
vn -0 0 1
vn 0 0 1
vn -0 -0 1
vn -0 -0 1
vn -0 -0 1
vn 0 0 1
vn 0 -0 1
vn 0 0 1
vn 0 0 1
vn -0 -0 1
vn -0 -0 1
vn -0 -0 1
vn -0 -0 1
vn -0 -0 1
vn -0 0 1
vn -0 0 1
vn -0 -0 1
vn -0 0 1
vn -0 0 1
vn 0 -0 1
vn 0 0 1
vn 0 0 1
vn -0 -0 1
vn -0 0 1
vn 0 0 1
vn -0 -0 1
vn -0 -0 1
vn -0 0 1
vn 0 0 1
vn 0 0 1
vn 0 0 1
vn 0 -0 1
vn 0 0 1
vn 0 0 1
vn 0 0 1
vn 0 0 1
vn -0 0 1
vn -0 0 1
vn -0 0 1
vn 0 0 1
vn 0 -0 1
vn 0 -0 1
vn 0 -0 1
vn 0 -0 1
vn 0 -0 1
vn -0 -0 1
vn 0 -0 1
vn 0 -0 1
vn -0 -0 1
vn -0 -0 1
vn -0 -0 1
vn -0 -0 1
vn -0 -0 1
vn -0 -0 1
vn -0 0 1
vn -0 0 1
vn -0 0 1
vn -0 0 1
vn -0 0 1
vn -0 0 1
vn -0 0 1
vn 0 0 1
vn 0 0 1
vn 0 0 1
vn 0 0 1
vn -0 0 1
vn -0 0 1
vn 0 0 1
vn 0 0 1
vn -0 -0 1
vn -0 0 1
vn -0 0 1
vn -0 0 1
vn -0 0 1
vn -0 0 1
vn -0 0 1
vn -0 0 1
vn 0 0 1
vn 0 0 1
vn 0 0 1
vn 0 0 1
vn 0 -0 1
vn 0 -0 1
vn 0 -0 1
vn 0 -0 1
vn -0 -0 1
vn 0 -0 1
vn 0 -0 1
vn 0 -0 1
vn 0 -0 1
vn 0 -0 1
vn 0 0 1
vn 0 0 1
vn -0 -0 1
vn -0 -0 1
vn -0 -0 1
vn -0 -0 1
vn -0 -0 1
vn -0 0 1
vn -0 -0 1
vn -0 -0 1
vn -0 -0 1
vn -0 -0 1
vn -0 -0 1
vn -0 -0 1
vn -0 0 1
vn -0 0 1
vn -0 0 1
vn -0 0 1
vn -0 0 1
vn -0 0 1
vn -0 0 1
vn -0 0 1
vn -0 0 1
vn -0 0 1
vn -0 0 1
vn -0 0 1
vn -0 -0 1
vn -0 -0 1
vn -0 -0 1
vn -0 -0 1
vn -0 -0 1
vn 0 -0 1
vn 0 -0 1
vn -0 -0 1
vn -0 0 1
vn -0 0 1
vn -0 -0 1
vn -0 -0 1
vn 0 -0 1
vn -0 0 1
vn 0 0 1
vn 0 0 1
vn 0 0 1
vn 0 0 1
vn 0 0 1
vn -0 0 1
vn -0 0 1
vn -0 0 1
vn -0 0 1
vn -0 0 1
vn -0 0 1
vn -0 0 1
vn -0 0 1
vn -0 0 1
vn -0 0 1
vn -0 0 1
vn -0 0 1
vn -0 0 1
vn 0 -0 1
vn -0 -0 1
vn -0 0 1
vn -0 0 1
vn 0 0 1
vn -0 0 1
vn -0 0 1
vn -0 0 1
vn 0 -0 1
vn 0 -0 1
vn -0 -0 1
vn 0 -0 1
vn 0 0 1
vn 0 0 1
vn -0 0 1
vn -0 -0 1
vn -0 -0 1
vn 0 0 1
vn 0 0 1
vn 0 -0 1
vn -0 -0 1
vn -0 0 1
vn -0 0 1
vn -0 -0 1
vn 0 0 1
vn -0 -0 1
vn -0 -0 1
vn -0 -0 1
vn -0 -0 1
vn 0 -0 1
vn 0 -0 1
vn 0 -0 1
vn 0 -0 1
vn 0 -0 1
vn -0 0 1
vn 0 0 1
vn 0 -0 1
vn -0 0 1
vn -0 0 1
vn 0 0 1
vn 0 -0 1
vn -0 0 1
vn -0 -0 1
vn -0 -0 1
vn -0 -0 1
vn 0 -0 1
vn 0 -0 1
vn 0 -0 1
vn 0 -0 1
vn 0 -0 1
vn 0 -0 1
vn 0 -0 1
vn 0 0 1
vn 0 0 1
vn 0 0 1
vn 0 0 1
vn 0 0 1
vn 0 -0 1
vn 0 -0 1
vn 0 -0 1
vn -0 -0 1
vn -0 -0 1
vn -0 -0 1
vn -0 -0 1
vn -0 -0 1
vn -0 -0 1
vn -0 0 1
vn -0 0 1
vn -0 0 1
vn -0 0 1
vn -0 0 1
vn 0 0 1
vn -0 0 1
vn -0 0 1
vn -0 0 1
vn -0 0 1
vn -0 0 1
vn -0 -0 1
vn -0 -0 1
vn 0 0 1
vn 0 0 1
vn 0 0 1
vn 0 0 1
vn 0 0 1
vn 0 -0 1
vn 0 0 1
vn -0 -0 1
vn -0 0 1
vn -0 0 1
vn -0 0 1
vn -0 0 1
vn 0 0 1
vn 0 0 1
vn 0 0 1
vn -0 0 1
vn -0 0 1
vn -0 -0 1
vn -0 0 1
vn -0 0 1
vn 0 0 1
vn 0 0 1
vn 0 0 1
vn 0 0 1
vn 0 0 1
vn 0 0 1
vn -0 -0 1
vn 0 -0 1
vn 0 -0 1
vn 0 -0 1
vn 0 -0 1
vn 0 -0 1
vn 0 0 1
vn 0 0 1
vn 0 0 1
vn -0 -0 1
vn -0 -0 1
vn -0 -0 1
vn 0 0 1
vn 0 -0 1
vn 0 -0 1
vn 0 -0 1
vn 0 -0 1
vn 0 -0 1
vn 0 -0 1
vn -0 -0 1
vn -0 -0 1
vn -0 -0 1
vn 0 0 1
vn 0 -0 1
vn 0 -0 1
vn -0 -0 1
vn -0 -0 1
vn -0 -0 1
vn -0 -0 1
vn -0 -0 1
vn -0 0 1
vn -0 0 1
vn -0 0 1
vn -0 0 1
vn -0 -0 1
vn 0 -0 1
vn -0.24 0.97077 0
vn 0.24254 0.97014 0
vn -0.23747 -0.9714 0
vn 0.13053 -0.99144 0
vn 0.38268 -0.92388 0
vn 0.60876 -0.79335 0
vn 0.79335 -0.60876 0
vn 0.92388 -0.38268 0
vn 0.99144 -0.13053 0
vn 0.99144 0.13053 -0
vn 0.92388 0.38268 -0
vn 0.79335 0.60876 -0
vn 0.60876 0.79335 -0
vn 0.38268 0.92388 -0
vn 0.13053 0.99144 -0
vn 0 0.99123 -0.13216
vn 0 0.99123 -0.13216
vn 0 -0 1
vn -0 0.99123 -0.13216
vn 0 0.99123 -0.13216
vn 0 -0.99123 -0.13216
vn 0 -0.99123 -0.13216
vn -0 -0 -1
vn -0 0 -1
vn -0 0 -1
vn 0 -0 -1
vn -0 0 -1
vn -0 -0 -1
vn -0 -0 -1
vn -0 0 -1
vn 0 -0 -1
vn 0 -0 -1
vn -0 -0 -1
vn 0 0 -1
vn -0 -0 -1
vn 0 0 -1
vn 0 0 -1
vn 0 0 -1
vn 0 0 -1
vn -0 0 -1
vn -0 0 -1
vn 0 -0 -1
vn -0 -0 -1
vn -0 -0 -1
vn 0.97077 0.24 0
vn -0.97077 0.24 0
vn -0.24254 0.97014 0
vn 0.70711 0.70711 -0
vn -0.70711 0.70711 0
vn -0.70711 0.70711 -0
vn -0.70711 0.70711 -0
vn 0.70711 -0.70711 -0
vn 0.70711 -0.70711 0
vn 0.70711 -0.70711 0
vn 0 -0 1
vn -0 0 1
vn -0.23747 0.9714 0
vn -0.24254 -0.97014 0
vn 0.24 0.97077 0
vn 0.24 -0.97077 0
vn 0 -0 -1
vn -0 -0 -1
vn 0 -0 -1
vn 0 -0 -1
vn -0 0 -1
vn 0 0 -1
vn -0 0 -1
vn 0 -0 -1
vn -0 0 -1
vn 0.97077 -0.24 0
vn -0.97077 -0.24 0
vn -1 0 0
vn -1 0 -0
vn 0 -0.99123 0.13216
vn 0 -0.99123 0.13216
vn -0 0.99123 0.13216
vn -0 0.99123 0.13216
vn 0 -0 1
vn -0 0 1
vn 0 0 1
vn -0 0 1
vn -0 0 1
vn 0 -0 1
vn -0 -0 1
vn 0 -0 1
vn 0 0 1
vn -0 0 1
vn -0 0 1
vn -0 0 1
vn -0 -0 1
vn 0 0 1
vn -0.99123 -0 0.13216
vn -0.99123 -0 0.13216
vn 0.99123 0 0.13216
vn 0.99123 0 0.13216
vn 0.97014 0.24254 0
vn -1 -0 0
vn -1 -0 0
vn -1 -0 -0
vn -1 -0 -0
vn -0.99123 -0 -0.13216
vn -0 -1 -0
vn 0 -1 -0
vn -0 -1 -0
vn 0 -1 0
vn 0 -1 0
vn 0 -1 0
vn 0 -1 -0
vn -0 -1 -0
vn 0 -1 0
vn 0 -1 -0
vn 0 -1 0
vn 0 -1 0
vn -0 -1 0
vn 0 -1 -0
vn 0 -1 0
vn 0 -1 0
vn 0 -1 0
vn 0 -1 0
vn 0 -1 -0
vn 0 -1 0
vn -0 -1 0
vn 0 -1 0
vn 0.99123 0 -0.13216
vn 0 -0.99123 -0.13216
vn 0 -0.99123 -0.13216
vn 1 0 0
vn 1 0 0
vn -0 1 -0
vn -0 1 0
vn -0 1 0
vn 0 1 0
vn -0 1 0
vn -0 1 -0
vn -0 1 -0
vn -0 1 0
vn 0 1 -0
vn -1 -0 0
vn 0 -1 0
vn -0.9714 0.23747 0
vn -0 1 0
vn -0 1 0
vn -0 1 -0
vn -0 1 -0
vn -0 1 0
vn -0 1 0
vn -0 1 0
vn -0 1 0
vn -0 1 -0
vn -0 1 0
vn -0 1 0
vn 0 1 0
vn -0 1 -0
vn -0 1 -0
vn -0 1 0
vn 0 -0.99123 -0.13216
vn 0 -0.99123 -0.13216
vn -0 0.99123 -0.13216
vn 0 0.99123 -0.13216
vn 0 -1 -0
vn 0 -1 -0
vn 0 -1 0
vn 0 -1 0
vn 0 -1 0
vn -0 -1 -0
vn 0 -1 0
vn 0.24254 -0.97014 0
vn 0.24254 -0.97014 0
vn 0.24254 -0.97014 -0
vn -1 0 0
vn -1 0 0
vn -1 -0 0
vn -0.24 0.97077 0
vn -0.24 0.97077 -0
vn 0.23747 -0.9714 -0
vn -0.24 -0.97077 0
vn 0.24254 0.97014 -0
vn -1 -0 0
vn -0 -0 -1
vn -0 0 -1
vn -0 0 -1
vn -0 0 -1
vn -0 -0 -1
vn -0 0 -1
vn -0 0 -1
vn -0 -0 -1
vn -0 0 -1
vn -0 0 -1
vn -0 -0 -1
vn -0 -0 -1
vn -0 -0 -1
vn 0 -0 -1
vn 0 -0 -1
vn 0 0 -1
vn -0 0 -1
vn -0 -0 -1
vn 0 0 -1
vn 0 -0 -1
vn 0 -0 -1
vn 0 -0 -1
vn 0 -0 -1
vn 0 -0 -1
vn 0 0 -1
vn 0 0 -1
vn 0 0 -1
vn 0 0 -1
vn 0 0 -1
vn 0 -0 -1
vn 0 0 -1
vn 0 -0 -1
vn 0 -0 -1
vn 0 0 -1
vn 0 0 -1
vn -0 -0 -1
vn -0 -0 -1
vn -0 -0 -1
vn -0 -0 -1
vn -0 0 -1
vn -0 0 -1
vn -0 0 -1
vn -0 0 -1
vn 0 -0 -1
vn 0 -0 -1
vn 0 -0 -1
vn -0 -0 -1
vn -0 -0 -1
vn 0 -0 -1
vn 0 -0 -1
vn 0 -0 -1
vn 0 -0 -1
vn 0 -0 -1
vn 0 -0 -1
vn 0 -0 -1
vn 0 -0 -1
vn -0 -0 -1
vn -0 -0 -1
vn -0 -0 -1
vn -0 -0 -1
vn -0 -0 -1
vn 0 0 -1
vn 0 -0 -1
vn -0 -0 -1
vn -0 -0 -1
vn 0 -0 -1
vn 0 -0 -1
vn 0 -0 -1
vn 0 -0 -1
vn 0 -0 -1
vn 0 -0 -1
vn -0 -0 -1
vn -0 -0 -1
vn -0 -0 -1
vn -0 -0 -1
vn -0 -0 -1
vn -0 0 -1
vn -0 -0 -1
vn -0 0 -1
vn -0.24 -0.97077 0
vn 0.23747 0.9714 0
vn -0 0.99123 -0.13216
vn -0 0.99123 -0.13216
vn 0 -0.99123 -0.13216
vn 0 -0.99123 -0.13216
vn 0 0 1
vn 0 -0 1
vn -0 0 1
vn -0 0 1
vn -0 0 1
vn -1 -0 0
vn 1 0 0
vn 1 0 0
vn 0 -0 1
vn 0 0 1
vn 0 -0 1
vn -0 -0 1
vn -0 0 1
vn 0 -0 1
vn -0 0 1
vn 0 0 1
vn -0 0.99123 0.13216
vn -0 0.99123 0.13216
vn -0 0.99123 0.13216
vn -0 0.99123 0.13216
vn -0 -0.99123 0.13216
vn -0 -0.99123 0.13216
vn 0 -0.99123 0.13216
vn 0 -0.99123 0.13216
vn 0 -0 -1
vn 0 -0 -1
vn -0 -0 -1
vn 0 -0 -1
vn -0 -0 -1
vn -0 -0 -1
vn -0 -0 -1
vn -0 -0 -1
vn -0 -0 -1
vn -0 -0 -1
vn -0 -0 -1
vn -0 0 -1
vn 0 -0 -1
vn 0 -0 -1
vn 0 -0 -1
vn 0 -0 -1
vn 0 -0 -1
vn -0 1 0
vn 0 -1 0
vn 0 -1 -0
vn -0 1 -0
vn -0 1 0
vn -0 1 0
vn -0 1 -0
vn 0 -1 -0
vn 0 -1 0
vn 0 -1 0
vn 0 -1 -0
vn -0 1 -0
vn -0 1 -0
vn -0 1 0
vn 0 -1 -0
vn 0 -1 -0
vn 0 -1 0
vn -1 0 0
vn -1 0 0
vn -1 0 -0
vn -1 -0 -0
vn -1 -0 -0
vn -1 -0 0
vn 0.99123 -0 0.13216
vn 0.99123 -0 0.13216
vn -0.99123 0 0.13216
vn -0.99123 0 0.13216
vn 1 -0 -0
vn 1 -0 0
vn 0.13053 -0.99144 -0
vn 0.13053 -0.99144 -0
vn 0.38268 -0.92388 -0
vn 0.38268 -0.92388 -0
vn 0.60876 -0.79335 -0
vn 0.60876 -0.79335 -0
vn 0.79335 -0.60876 -0
vn 0.79335 -0.60876 -0
vn 0.92388 -0.38268 -0
vn 0.92388 -0.38268 -0
vn 0.99144 -0.13053 -0
vn 0 -1 0
vn 0 -1 0
vn -0 1 0
vn -0 1 -0
vn -0 1 0
vn -0 1 0
vn -0.99123 -0 -0.13216
vn 0.9714 0.23747 0
vn -0.97014 0.24254 0
vn 0.99123 0 -0.13216
vn 0.99123 0 -0.13216
vn 1 0 -0
vn 1 0 -0
vn 1 -0 0
vn 1 -0 -0
vn 1 0 -0
vn 1 -0 0
vn 1 -0 -0
vn 1 -0 0
vn 1 -0 -0
vn 1 0 0
vn 1 -0 -0
vn 1 0 0
vn 1 -0 -0
vn 1 0 0
vn 1 0 0
vn 1 0 0
vn 1 0 0
vn 1 0 -0
vn 1 0 0
vn 0.99123 0 -0.13216
vn 0 -1 -0
vn 0 -1 0
vn 1 0 -0
vn 1 0 -0
vn 0.99144 -0.13053 -0
vn 0 -1 0
vn 0 -1 0
vn -0 1 0
vn -0 1 -0
vn 0.99123 0 0.13216
vn 0.99123 0 0.13216
vn -0.99123 -0 0.13216
vn -0.99123 -0 0.13216
vn 0 -0 -1
vn 0 -1 0
vn 0 -1 0
vn 0 -1 0
vn 0 -1 0
vn -0 -1 -0
vn 0 -1 -0
vn -0 -1 0
vn 0 -1 0
vn 0 -1 -0
vn 0 -1 0
vn -0 -1 -0
vn 0 0 1
vn -1 0 0
vn -1 0 0
vn -1 0 -0
vn -1 -0 -0
vn -0 1 0
vn -0 1 -0
vn -0 0 -1
vn -0 1 0
vn -0 -0 1
vn -0 0 1
vn 0 0 1
vn -0 -0 1
vn -0 0 1
vn -0 0 1
vn -0 0 1
vn 0 0 1
vn -0 -0 1
vn 0 -0 1
vn 0 -0 1
vn -0 -0 1
vn -0 -0 1
vn 0 0 1
vn 0 -0 1
vn 0 0 1
vn -0 0 1
vn -0 -0 1
vn -0 0 1
vn -0 -0 1
vn 0 -0.99123 0.13216
vn 0 -0.99123 0.13216
vn 0 -0.99123 0.13216
vn -0 -0 -1
vn -0 -0 -1
vn -0 0.99123 0.13216
vn -0 0.99123 0.13216
vn -0 0.99123 0.13216
vn -0 0.99123 0.13216
vn 0.60876 -0.79335 -0
vn 0.38268 -0.92388 -0
vn 0 -0 -1
vn 0 -0 -1
vn -0 -0 -1
vn 0 -0 -1
vn 0.99729 0.07356 -0
vn 0.99518 -0.09802 0
vn 0.99518 -0.09802 -0
vn 0.95694 -0.29028 -0
vn 0.9757 0.2191 0
vn 0.93299 0.3599 0
vn 0.87009 0.4929 0
vn 0.78835 0.61523 -0
vn 0.68954 0.72425 0
vn 0.57581 0.81758 0
vn 0.44961 0.89322 0
vn 0.44961 0.89322 -0
vn 0.31368 0.94953 -0
vn 0.31368 0.94953 -0
vn 0.17096 0.98528 0
vn 0.02454 0.9997 0
vn -0.12241 0.99248 0
vn -0.26671 0.96378 0
vn -0.40524 0.91421 0
vn -0.535 0.84485 0
vn -0.65317 0.75721 -0
vn -0.65317 0.75721 0
vn -0.75721 0.65317 -0
vn -0.75721 0.65317 0
vn -0.84485 0.535 0
vn -0.91421 0.40524 0
vn -0.96378 0.26671 0
vn -0.99248 0.12241 0
vn -0.9997 -0.02454 -0
vn -0.98528 -0.17096 0
vn -0.94953 -0.31368 0
vn -0.89322 -0.44961 -0
vn -0.81758 -0.57581 -0
vn -0.72425 -0.68954 -0
vn -0.61523 -0.78835 0
vn -0.4929 -0.87009 0
vn -0.3599 -0.93299 -0
vn -0.2191 -0.9757 -0
vn -0.07356 -0.99729 0
vn 0.09802 -0.99518 0
vn 0.29028 -0.95694 0
vn 0.4714 -0.88192 0
vn 0.63439 -0.77301 0
vn 0.63439 -0.77301 -0
vn 0.77301 -0.63439 -0
vn 0.77301 -0.63439 0
vn 0.88192 -0.4714 0
vn 0.88192 -0.4714 -0
vn 0.07356 0.99729 -0
vn -0.09802 0.99518 0
vn -0.29028 0.95694 0
vn 0.2191 0.9757 0
vn 0.3599 0.93299 0
vn 0.4929 0.87009 0
vn 0.61523 0.78835 -0
vn 0.72425 0.68954 0
vn 0.81758 0.57581 0
vn 0.89322 0.44961 0
vn 0.94953 0.31368 0
vn 0.98528 0.17096 0
vn 0.9997 0.02454 0
vn 0.99248 -0.12241 0
vn 0.96378 -0.26671 0
vn 0.91421 -0.40524 0
vn 0.84485 -0.535 0
vn 0.75721 -0.65317 0
vn 0.65317 -0.75721 0
vn 0.535 -0.84485 0
vn 0.40524 -0.91421 0
vn 0.26671 -0.96378 0
vn 0.12241 -0.99248 0
vn -0.02454 -0.9997 -0
vn -0.17096 -0.98528 0
vn -0.31368 -0.94953 0
vn -0.44961 -0.89322 -0
vn -0.57581 -0.81758 -0
vn -0.68954 -0.72425 -0
vn -0.78835 -0.61523 0
vn -0.87009 -0.4929 0
vn -0.93299 -0.3599 -0
vn -0.9757 -0.2191 -0
vn -0.99729 -0.07356 0
vn -0.99518 0.09802 0
vn -0.95694 0.29028 0
vn -0.88192 0.4714 0
vn -0.77301 0.63439 0
vn -0.63439 0.77301 0
vn -0.4714 0.88192 0
vn 0.95694 -0.29028 0
vn -0.40524 0.91421 0
vn -0.535 0.84485 0
vn 0 0 1
vn 0 -0 1
vn 0 -0 1
vn 0 -0 1
vn 0 -0 1
vn 0 -0 1
vn 0 -0 1
vn 0 -0 1
vn -0 -0 1
vn -0 -0 1
vn -0 -0 1
vn -0 -0 1
vn -0 -0 1
vn -0 -0 1
vn -0 -0 1
vn -0 -0 1
vn -0 -0 1
vn -0 -0 1
vn -0 -0 1
vn -0 0 1
vn -0 0 1
vn -0 0 1
vn -0 0 1
vn -0 0 1
vn -0 0 1
vn -0 0 1
vn -0 0 1
vn -0 0 1
vn -0 0 1
vn 0 0 1
vn 0 0 1
vn 0 0 1
vn 0 0 1
vn 0 0 1
vn 0 0 1
vn 0 0 1
vn 0 0 1
vn 0 0 1
vn 0 0 1
vn 0 -0 1
f 1//1 2//1 3//1
f 3//1 2//1 4//1
f 4//1 2//1 5//1
f 4//1 5//1 6//1
f 6//1 5//1 7//1
f 6//1 7//1 8//1
f 8//1 7//1 9//1
f 8//1 9//1 10//1
f 10//1 9//1 11//1
f 10//1 11//1 12//1
f 12//1 11//1 13//1
f 12//1 13//1 14//1
f 12//1 14//1 15//1
f 15//1 14//1 16//1
f 15//1 16//1 17//1
f 17//1 16//1 18//1
f 17//1 18//1 19//1
f 19//1 18//1 20//1
f 19//1 20//1 21//1
f 19//1 21//1 22//1
f 22//1 21//1 23//1
f 22//1 23//1 24//1
f 24//1 23//1 25//1
f 24//1 25//1 26//1
f 26//1 25//1 27//1
f 26//1 27//1 28//1
f 26//1 28//1 29//1
f 29//1 28//1 30//1
f 29//1 30//1 31//1
f 31//1 30//1 32//1
f 31//1 32//1 33//1
f 33//1 32//1 34//1
f 33//1 34//1 35//1
f 35//1 34//1 36//1
f 35//1 36//1 37//1
f 37//1 36//1 38//1
f 39//2 1//2 40//2
f 40//2 1//2 3//2
f 40//3 3//3 41//3
f 41//3 3//3 4//3
f 41//4 4//4 42//4
f 42//4 4//4 6//4
f 42//5 6//5 43//5
f 43//5 6//5 8//5
f 43//6 8//6 44//6
f 44//6 8//6 10//6
f 44//7 10//7 45//7
f 45//7 10//7 12//7
f 45//8 12//8 46//8
f 46//8 12//8 15//8
f 46//9 15//9 47//9
f 47//9 15//9 17//9
f 47//10 17//10 48//10
f 48//10 17//10 19//10
f 48//11 19//11 49//11
f 49//11 19//11 22//11
f 49//12 22//12 50//12
f 50//12 22//12 24//12
f 50//13 24//13 51//13
f 51//13 24//13 26//13
f 51//14 26//14 52//14
f 52//14 26//14 29//14
f 52//15 29//15 53//15
f 53//15 29//15 31//15
f 53//16 31//16 54//16
f 54//16 31//16 33//16
f 54//17 33//17 55//17
f 55//17 33//17 35//17
f 55//18 35//18 56//18
f 56//18 35//18 37//18
f 56//19 37//19 57//19
f 57//19 37//19 38//19
f 39//20 40//20 58//20
f 58//21 40//21 41//21
f 58//21 41//21 59//21
f 59//21 41//21 42//21
f 59//21 42//21 60//21
f 60//21 42//21 43//21
f 60//21 43//21 61//21
f 61//21 43//21 44//21
f 61//21 44//21 62//21
f 62//21 44//21 45//21
f 62//21 45//21 63//21
f 63//21 45//21 64//21
f 64//21 45//21 46//21
f 64//21 46//21 65//21
f 65//21 46//21 47//21
f 65//21 47//21 66//21
f 66//21 47//21 48//21
f 66//21 48//21 67//21
f 67//21 48//21 68//21
f 68//21 48//21 49//21
f 68//21 49//21 69//21
f 69//21 49//21 50//21
f 69//21 50//21 70//21
f 70//21 50//21 51//21
f 70//21 51//21 71//21
f 71//21 51//21 72//21
f 72//21 51//21 52//21
f 72//21 52//21 73//21
f 73//21 52//21 53//21
f 73//21 53//21 74//21
f 74//21 53//21 54//21
f 74//21 54//21 75//21
f 75//21 54//21 55//21
f 75//21 55//21 76//21
f 76//21 55//21 56//21
f 76//22 56//22 57//22
f 1//23 39//23 2//23
f 2//23 39//23 58//23
f 2//24 58//24 5//24
f 5//24 58//24 59//24
f 5//25 59//25 7//25
f 7//25 59//25 60//25
f 7//26 60//26 9//26
f 9//26 60//26 61//26
f 9//27 61//27 11//27
f 11//27 61//27 62//27
f 11//28 62//28 13//28
f 13//28 62//28 63//28
f 13//29 63//29 14//29
f 14//29 63//29 64//29
f 14//30 64//30 16//30
f 16//30 64//30 65//30
f 16//31 65//31 18//31
f 18//31 65//31 66//31
f 18//32 66//32 20//32
f 20//32 66//32 67//32
f 20//33 67//33 21//33
f 21//33 67//33 68//33
f 21//34 68//34 23//34
f 23//34 68//34 69//34
f 23//35 69//35 25//35
f 25//35 69//35 70//35
f 25//36 70//36 27//36
f 27//36 70//36 71//36
f 27//37 71//37 28//37
f 28//37 71//37 72//37
f 28//38 72//38 30//38
f 30//38 72//38 73//38
f 30//39 73//39 32//39
f 32//39 73//39 74//39
f 32//40 74//40 34//40
f 34//40 74//40 75//40
f 34//41 75//41 36//41
f 36//41 75//41 76//41
f 36//42 76//42 38//42
f 38//42 76//42 57//42
f 77//43 78//43 79//43
f 79//44 78//44 80//44
f 80//45 78//45 81//45
f 80//46 81//46 82//46
f 82//47 81//47 83//47
f 82//48 83//48 84//48
f 84//49 83//49 85//49
f 84//50 85//50 86//50
f 86//51 85//51 87//51
f 86//52 87//52 88//52
f 88//53 87//53 89//53
f 88//54 89//54 90//54
f 88//55 90//55 91//55
f 91//56 90//56 92//56
f 91//57 92//57 93//57
f 93//58 92//58 94//58
f 93//59 94//59 95//59
f 95//60 94//60 96//60
f 95//61 96//61 97//61
f 95//62 97//62 98//62
f 98//63 97//63 99//63
f 98//64 99//64 100//64
f 100//65 99//65 101//65
f 100//66 101//66 102//66
f 102//67 101//67 103//67
f 102//68 103//68 104//68
f 102//69 104//69 105//69
f 105//70 104//70 106//70
f 105//71 106//71 107//71
f 107//72 106//72 108//72
f 107//73 108//73 109//73
f 109//74 108//74 110//74
f 109//75 110//75 111//75
f 111//76 110//76 112//76
f 111//77 112//77 113//77
f 113//78 112//78 114//78
f 115//2 77//2 116//2
f 116//2 77//2 79//2
f 116//3 79//3 117//3
f 117//3 79//3 80//3
f 117//4 80//4 118//4
f 118//4 80//4 82//4
f 118//5 82//5 119//5
f 119//5 82//5 84//5
f 119//6 84//6 120//6
f 120//6 84//6 86//6
f 120//7 86//7 121//7
f 121//7 86//7 88//7
f 121//8 88//8 122//8
f 122//8 88//8 91//8
f 122//9 91//9 123//9
f 123//9 91//9 93//9
f 123//10 93//10 124//10
f 124//10 93//10 95//10
f 124//11 95//11 125//11
f 125//11 95//11 98//11
f 125//12 98//12 126//12
f 126//12 98//12 100//12
f 126//13 100//13 127//13
f 127//13 100//13 102//13
f 127//14 102//14 128//14
f 128//14 102//14 105//14
f 128//15 105//15 129//15
f 129//15 105//15 107//15
f 129//16 107//16 130//16
f 130//16 107//16 109//16
f 130//17 109//17 131//17
f 131//17 109//17 111//17
f 131//18 111//18 132//18
f 132//18 111//18 113//18
f 132//19 113//19 133//19
f 133//19 113//19 114//19
f 115//79 116//79 134//79
f 134//21 116//21 117//21
f 134//21 117//21 135//21
f 135//21 117//21 118//21
f 135//21 118//21 136//21
f 136//21 118//21 119//21
f 136//21 119//21 137//21
f 137//21 119//21 120//21
f 137//21 120//21 138//21
f 138//21 120//21 121//21
f 138//21 121//21 139//21
f 139//21 121//21 140//21
f 140//21 121//21 122//21
f 140//21 122//21 141//21
f 141//21 122//21 123//21
f 141//21 123//21 142//21
f 142//21 123//21 124//21
f 142//21 124//21 143//21
f 143//21 124//21 144//21
f 144//21 124//21 125//21
f 144//21 125//21 145//21
f 145//21 125//21 126//21
f 145//21 126//21 146//21
f 146//21 126//21 127//21
f 146//21 127//21 147//21
f 147//21 127//21 148//21
f 148//21 127//21 128//21
f 148//21 128//21 149//21
f 149//21 128//21 129//21
f 149//21 129//21 150//21
f 150//21 129//21 130//21
f 150//21 130//21 151//21
f 151//21 130//21 131//21
f 151//21 131//21 152//21
f 152//21 131//21 132//21
f 152//80 132//80 133//80
f 77//23 115//23 78//23
f 78//23 115//23 134//23
f 78//24 134//24 81//24
f 81//24 134//24 135//24
f 81//25 135//25 83//25
f 83//25 135//25 136//25
f 83//26 136//26 85//26
f 85//26 136//26 137//26
f 85//27 137//27 87//27
f 87//27 137//27 138//27
f 87//28 138//28 89//28
f 89//28 138//28 139//28
f 89//29 139//29 90//29
f 90//29 139//29 140//29
f 90//30 140//30 92//30
f 92//30 140//30 141//30
f 92//31 141//31 94//31
f 94//31 141//31 142//31
f 94//32 142//32 96//32
f 96//32 142//32 143//32
f 96//33 143//33 97//33
f 97//33 143//33 144//33
f 97//34 144//34 99//34
f 99//34 144//34 145//34
f 99//35 145//35 101//35
f 101//35 145//35 146//35
f 101//36 146//36 103//36
f 103//36 146//36 147//36
f 103//37 147//37 104//37
f 104//37 147//37 148//37
f 104//38 148//38 106//38
f 106//38 148//38 149//38
f 106//39 149//39 108//39
f 108//39 149//39 150//39
f 108//40 150//40 110//40
f 110//40 150//40 151//40
f 110//41 151//41 112//41
f 112//41 151//41 152//41
f 112//42 152//42 114//42
f 114//42 152//42 133//42
f 153//81 154//81 155//81
f 155//81 154//81 156//81
f 155//82 156//82 157//82
f 157//82 156//82 158//82
f 157//83 158//83 159//83
f 159//83 158//83 160//83
f 159//84 160//84 161//84
f 161//84 160//84 162//84
f 161//85 162//85 163//85
f 163//85 162//85 164//85
f 163//86 164//86 165//86
f 165//86 164//86 166//86
f 165//87 166//87 167//87
f 167//87 166//87 168//87
f 167//88 168//88 169//88
f 169//88 168//88 170//88
f 169//89 170//89 171//89
f 171//89 170//89 172//89
f 171//90 172//90 173//90
f 173//90 172//90 174//90
f 173//91 174//91 175//91
f 175//91 174//91 176//91
f 175//92 176//92 177//92
f 177//92 176//92 178//92
f 177//93 178//93 179//93
f 179//93 178//93 180//93
f 179//94 180//94 181//94
f 181//94 180//94 182//94
f 181//95 182//95 183//95
f 183//95 182//95 184//95
f 183//96 184//96 185//96
f 185//96 184//96 186//96
f 185//97 186//97 187//97
f 187//97 186//97 188//97
f 187//98 188//98 189//98
f 189//98 188//98 190//98
f 189//99 190//99 191//99
f 191//99 190//99 192//99
f 191//100 192//100 193//100
f 193//100 192//100 194//100
f 154//101 195//101 156//101
f 156//21 195//21 196//21
f 156//21 196//21 158//21
f 158//21 196//21 197//21
f 158//21 197//21 160//21
f 160//21 197//21 198//21
f 160//21 198//21 162//21
f 162//21 198//21 199//21
f 162//21 199//21 164//21
f 164//21 199//21 200//21
f 164//21 200//21 166//21
f 166//21 200//21 168//21
f 168//21 200//21 201//21
f 168//21 201//21 170//21
f 170//21 201//21 202//21
f 170//21 202//21 172//21
f 172//21 202//21 203//21
f 172//21 203//21 174//21
f 174//21 203//21 176//21
f 176//21 203//21 204//21
f 176//21 204//21 178//21
f 178//21 204//21 205//21
f 178//21 205//21 180//21
f 180//21 205//21 206//21
f 180//21 206//21 182//21
f 182//21 206//21 184//21
f 184//21 206//21 207//21
f 184//21 207//21 186//21
f 186//21 207//21 208//21
f 186//21 208//21 188//21
f 188//21 208//21 209//21
f 188//21 209//21 190//21
f 190//21 209//21 210//21
f 190//21 210//21 192//21
f 192//21 210//21 211//21
f 192//102 211//102 194//102
f 153//1 155//1 212//1
f 212//1 155//1 213//1
f 213//1 155//1 157//1
f 213//1 157//1 214//1
f 214//1 157//1 159//1
f 214//1 159//1 215//1
f 215//1 159//1 161//1
f 215//1 161//1 216//1
f 216//1 161//1 163//1
f 216//1 163//1 217//1
f 217//1 163//1 165//1
f 217//1 165//1 167//1
f 217//1 167//1 218//1
f 218//1 167//1 169//1
f 218//1 169//1 219//1
f 219//1 169//1 171//1
f 219//1 171//1 220//1
f 220//1 171//1 173//1
f 220//1 173//1 175//1
f 220//1 175//1 221//1
f 221//1 175//1 177//1
f 221//1 177//1 222//1
f 222//1 177//1 179//1
f 222//1 179//1 223//1
f 223//1 179//1 181//1
f 223//1 181//1 183//1
f 223//1 183//1 224//1
f 224//1 183//1 185//1
f 224//1 185//1 225//1
f 225//1 185//1 187//1
f 225//1 187//1 226//1
f 226//1 187//1 189//1
f 226//1 189//1 227//1
f 227//1 189//1 191//1
f 227//1 191//1 228//1
f 228//1 191//1 193//1
f 154//103 153//103 195//103
f 195//103 153//103 212//103
f 195//104 212//104 196//104
f 196//104 212//104 213//104
f 196//105 213//105 197//105
f 197//105 213//105 214//105
f 197//106 214//106 198//106
f 198//106 214//106 215//106
f 198//107 215//107 199//107
f 199//107 215//107 216//107
f 199//108 216//108 200//108
f 200//108 216//108 217//108
f 200//109 217//109 201//109
f 201//109 217//109 218//109
f 201//110 218//110 202//110
f 202//110 218//110 219//110
f 202//111 219//111 203//111
f 203//111 219//111 220//111
f 203//112 220//112 204//112
f 204//112 220//112 221//112
f 204//113 221//113 205//113
f 205//113 221//113 222//113
f 205//114 222//114 206//114
f 206//114 222//114 223//114
f 206//115 223//115 207//115
f 207//115 223//115 224//115
f 207//116 224//116 208//116
f 208//116 224//116 225//116
f 208//117 225//117 209//117
f 209//117 225//117 226//117
f 209//118 226//118 210//118
f 210//118 226//118 227//118
f 210//119 227//119 211//119
f 211//119 227//119 228//119
f 211//120 228//120 194//120
f 194//120 228//120 193//120
f 229//121 230//121 231//121
f 231//121 230//121 232//121
f 233//121 234//121 235//121
f 235//121 234//121 236//121
f 233//122 237//122 234//122
f 234//123 237//123 238//123
f 234//124 238//124 239//124
f 233//125 240//125 237//125
f 237//126 240//126 241//126
f 237//127 241//127 242//127
f 242//128 241//128 243//128
f 243//129 241//129 244//129
f 243//130 244//130 245//130
f 245//131 244//131 246//131
f 246//132 244//132 247//132
f 244//133 241//133 248//133
f 248//134 241//134 249//134
f 248//135 249//135 250//135
f 233//136 235//136 240//136
f 240//137 235//137 251//137
f 231//138 252//138 229//138
f 229//138 252//138 253//138
f 254//139 255//139 256//139
f 256//139 255//139 257//139
f 251//140 235//140 258//140
f 258//141 235//141 236//141
f 258//142 236//142 259//142
f 259//143 236//143 260//143
f 251//144 258//144 261//144
f 261//21 258//21 262//21
f 261//145 262//145 263//145
f 261//146 263//146 264//146
f 264//147 263//147 265//147
f 264//148 265//148 266//148
f 266//149 267//149 264//149
f 264//150 268//150 261//150
f 261//21 268//21 269//21
f 269//151 268//151 270//151
f 231//152 232//152 252//152
f 252//153 232//153 271//153
f 245//154 265//154 243//154
f 243//154 265//154 263//154
f 272//139 273//139 274//139
f 274//139 273//139 275//139
f 276//155 277//155 278//155
f 278//155 277//155 279//155
f 277//156 257//156 279//156
f 279//156 257//156 255//156
f 276//157 256//157 277//157
f 277//1 256//1 257//1
f 262//158 242//158 263//158
f 263//159 242//159 243//159
f 252//160 271//160 253//160
f 253//160 271//160 280//160
f 274//161 275//161 281//161
f 281//162 275//162 282//162
f 262//121 258//121 242//121
f 242//121 258//121 237//121
f 283//1 284//1 285//1
f 285//1 284//1 286//1
f 286//1 284//1 287//1
f 286//1 287//1 288//1
f 288//1 287//1 289//1
f 288//1 289//1 290//1
f 290//1 289//1 291//1
f 290//1 291//1 292//1
f 292//1 291//1 293//1
f 292//1 293//1 294//1
f 294//1 293//1 295//1
f 294//1 295//1 296//1
f 296//1 295//1 297//1
f 296//1 297//1 298//1
f 296//1 298//1 299//1
f 299//1 298//1 300//1
f 299//1 300//1 301//1
f 299//1 301//1 302//1
f 302//1 301//1 303//1
f 302//1 303//1 304//1
f 304//1 305//1 302//1
f 302//1 305//1 306//1
f 306//1 305//1 307//1
f 306//1 307//1 308//1
f 309//121 310//121 311//121
f 311//121 310//121 312//121
f 313//121 314//121 315//121
f 315//121 314//121 316//121
f 306//121 317//121 302//121
f 302//121 317//121 318//121
f 319//139 320//139 321//139
f 321//139 320//139 322//139
f 323//121 324//121 325//121
f 325//121 324//121 326//121
f 324//163 319//163 326//163
f 326//163 319//163 321//163
f 327//138 326//138 328//138
f 328//138 326//138 321//138
f 328//138 321//138 329//138
f 329//138 321//138 330//138
f 330//138 321//138 322//138
f 330//138 322//138 325//138
f 326//138 327//138 325//138
f 325//138 327//138 330//138
f 331//164 324//164 332//164
f 332//164 324//164 323//164
f 332//164 323//164 320//164
f 331//164 333//164 324//164
f 324//164 333//164 319//164
f 319//164 333//164 334//164
f 319//164 334//164 320//164
f 320//164 334//164 332//164
f 334//139 333//139 335//139
f 335//139 333//139 336//139
f 329//139 330//139 337//139
f 337//139 330//139 338//139
f 332//1 334//1 339//1
f 339//1 334//1 335//1
f 330//1 327//1 338//1
f 338//1 327//1 340//1
f 333//165 331//165 336//165
f 336//165 331//165 341//165
f 331//121 332//121 341//121
f 341//121 332//121 339//121
f 327//121 328//121 340//121
f 340//121 328//121 342//121
f 328//165 329//165 342//165
f 342//165 329//165 337//165
f 343//139 344//139 345//139
f 345//139 344//139 346//139
f 317//166 343//166 318//166
f 318//166 343//166 345//166
f 325//21 344//21 323//21
f 323//21 344//21 312//21
f 323//21 312//21 320//21
f 320//21 312//21 322//21
f 322//21 312//21 310//21
f 322//21 310//21 346//21
f 344//21 325//21 346//21
f 346//21 325//21 322//21
f 336//138 315//138 335//138
f 335//138 315//138 316//138
f 335//138 316//138 311//138
f 341//167 343//167 336//167
f 336//168 343//168 317//168
f 336//138 317//138 306//138
f 341//169 339//169 343//169
f 343//169 339//169 344//169
f 344//170 339//170 335//170
f 344//171 335//171 312//171
f 312//138 335//138 311//138
f 306//138 315//138 336//138
f 338//164 313//164 337//164
f 337//164 313//164 302//164
f 337//164 302//164 318//164
f 340//172 346//172 338//172
f 338//173 346//173 310//173
f 338//164 310//164 309//164
f 340//174 342//174 346//174
f 346//174 342//174 345//174
f 345//175 342//175 337//175
f 345//176 337//176 318//176
f 309//164 314//164 338//164
f 338//164 314//164 313//164
f 316//139 347//139 311//139
f 311//139 347//139 348//139
f 309//177 349//177 314//177
f 314//177 349//177 350//177
f 351//178 352//178 353//178
f 353//178 352//178 354//178
f 353//179 354//179 355//179
f 355//179 354//179 356//179
f 355//180 356//180 357//180
f 357//180 356//180 358//180
f 357//181 358//181 359//181
f 359//181 358//181 360//181
f 359//182 360//182 361//182
f 361//182 360//182 362//182
f 361//183 362//183 363//183
f 363//183 362//183 364//183
f 352//184 351//184 365//184
f 365//185 351//185 348//185
f 365//138 348//138 347//138
f 366//186 350//186 367//186
f 367//186 350//186 349//186
f 368//187 369//187 370//187
f 370//187 369//187 371//187
f 370//188 371//188 372//188
f 372//188 371//188 373//188
f 372//189 373//189 374//189
f 374//189 373//189 375//189
f 374//190 375//190 376//190
f 376//190 375//190 377//190
f 376//191 377//191 378//191
f 378//191 377//191 379//191
f 378//192 379//192 367//192
f 367//192 379//192 366//192
f 369//193 368//193 380//193
f 380//194 368//194 363//194
f 380//195 363//195 364//195
f 381//196 382//196 364//196
f 364//194 382//194 383//194
f 364//195 383//195 380//195
f 365//1 316//1 384//1
f 384//1 316//1 314//1
f 384//1 314//1 385//1
f 385//1 314//1 386//1
f 386//1 314//1 387//1
f 387//1 314//1 350//1
f 387//1 350//1 388//1
f 388//1 350//1 389//1
f 389//1 350//1 366//1
f 389//1 366//1 390//1
f 390//1 366//1 391//1
f 391//1 366//1 379//1
f 391//1 379//1 392//1
f 392//1 379//1 377//1
f 392//1 377//1 393//1
f 393//1 377//1 375//1
f 393//1 375//1 394//1
f 394//1 375//1 373//1
f 394//1 373//1 395//1
f 395//1 373//1 371//1
f 395//1 371//1 396//1
f 396//1 371//1 369//1
f 396//1 369//1 380//1
f 365//1 347//1 316//1
f 368//21 309//21 363//21
f 363//21 309//21 351//21
f 363//21 351//21 361//21
f 361//21 351//21 359//21
f 359//21 351//21 357//21
f 357//21 351//21 355//21
f 355//21 351//21 353//21
f 309//21 368//21 367//21
f 367//21 368//21 370//21
f 367//21 370//21 372//21
f 372//21 374//21 367//21
f 367//21 374//21 376//21
f 367//21 376//21 378//21
f 367//21 349//21 309//21
f 309//21 311//21 351//21
f 351//21 311//21 348//21
f 306//139 308//139 315//139
f 315//139 308//139 397//139
f 313//177 398//177 302//177
f 302//177 398//177 299//177
f 399//178 400//178 401//178
f 401//178 400//178 402//178
f 401//179 402//179 403//179
f 403//179 402//179 404//179
f 403//180 404//180 405//180
f 405//180 404//180 406//180
f 405//181 406//181 407//181
f 407//181 406//181 408//181
f 407//182 408//182 409//182
f 409//182 408//182 410//182
f 409//183 410//183 411//183
f 411//183 410//183 412//183
f 400//184 399//184 307//184
f 307//185 399//185 397//185
f 307//138 397//138 308//138
f 296//186 299//186 413//186
f 413//186 299//186 398//186
f 414//187 285//187 415//187
f 415//187 285//187 286//187
f 415//188 286//188 416//188
f 416//188 286//188 288//188
f 416//189 288//189 417//189
f 417//189 288//189 290//189
f 417//190 290//190 418//190
f 418//190 290//190 292//190
f 418//191 292//191 419//191
f 419//191 292//191 294//191
f 419//192 294//192 413//192
f 413//192 294//192 296//192
f 414//21 313//21 411//21
f 411//21 313//21 399//21
f 411//21 399//21 409//21
f 409//21 399//21 407//21
f 407//21 399//21 405//21
f 405//21 399//21 403//21
f 403//21 399//21 401//21
f 313//21 414//21 413//21
f 413//21 414//21 415//21
f 413//21 415//21 416//21
f 416//21 417//21 413//21
f 413//21 417//21 418//21
f 413//21 418//21 419//21
f 413//21 398//21 313//21
f 313//21 315//21 399//21
f 399//21 315//21 397//21
f 412//21 410//21 420//21
f 420//21 410//21 408//21
f 420//21 408//21 406//21
f 406//21 404//21 420//21
f 420//21 404//21 402//21
f 420//21 402//21 400//21
f 307//21 421//21 400//21
f 400//21 421//21 420//21
f 422//197 423//197 424//197
f 424//197 423//197 425//197
f 426//198 427//198 428//198
f 428//198 427//198 429//198
f 430//164 426//164 431//164
f 431//164 426//164 428//164
f 432//199 430//199 433//199
f 433//199 430//199 431//199
f 427//138 432//138 429//138
f 429//138 432//138 433//138
f 432//21 427//21 430//21
f 430//21 427//21 426//21
f 423//139 434//139 425//139
f 425//139 434//139 435//139
f 429//21 423//21 428//21
f 428//21 423//21 422//21
f 428//21 422//21 431//21
f 431//200 422//200 436//200
f 431//201 436//201 437//201
f 433//21 438//21 429//21
f 429//202 438//202 439//202
f 429//203 439//203 440//203
f 431//204 441//204 433//204
f 433//205 441//205 442//205
f 433//206 442//206 443//206
f 444//21 445//21 446//21
f 446//21 445//21 434//21
f 446//207 434//207 447//207
f 447//208 434//208 448//208
f 448//209 434//209 449//209
f 449//210 434//210 450//210
f 450//211 434//211 451//211
f 451//212 434//212 423//212
f 451//213 423//213 452//213
f 452//214 423//214 453//214
f 453//215 423//215 454//215
f 454//216 423//216 455//216
f 455//217 423//217 429//217
f 455//218 429//218 456//218
f 456//219 429//219 457//219
f 457//220 429//220 440//220
f 458//221 459//221 444//221
f 444//222 459//222 460//222
f 444//21 460//21 461//21
f 462//223 463//223 458//223
f 458//224 463//224 464//224
f 458//225 464//225 465//225
f 465//226 464//226 466//226
f 467//21 468//21 462//21
f 462//227 468//227 469//227
f 462//228 469//228 470//228
f 471//21 472//21 467//21
f 467//21 472//21 473//21
f 467//21 473//21 474//21
f 475//21 476//21 471//21
f 471//21 476//21 477//21
f 471//21 477//21 478//21
f 478//21 477//21 479//21
f 479//21 477//21 480//21
f 480//21 477//21 481//21
f 481//21 477//21 482//21
f 482//21 477//21 483//21
f 482//21 483//21 484//21
f 484//21 483//21 485//21
f 485//21 483//21 486//21
f 486//21 483//21 487//21
f 487//21 483//21 467//21
f 487//21 467//21 488//21
f 488//21 467//21 489//21
f 489//21 467//21 490//21
f 490//21 467//21 491//21
f 491//21 467//21 492//21
f 492//21 467//21 474//21
f 493//229 494//229 475//229
f 475//230 494//230 495//230
f 475//21 495//21 496//21
f 496//231 495//231 497//231
f 496//232 497//232 498//232
f 498//21 497//21 499//21
f 498//21 499//21 500//21
f 500//21 499//21 501//21
f 500//21 501//21 502//21
f 502//21 501//21 503//21
f 502//21 503//21 504//21
f 504//21 503//21 505//21
f 504//21 505//21 506//21
f 506//21 505//21 507//21
f 506//21 507//21 508//21
f 508//21 507//21 509//21
f 508//233 509//233 510//233
f 510//234 509//234 511//234
f 511//21 509//21 512//21
f 511//21 512//21 513//21
f 513//21 512//21 514//21
f 513//21 514//21 515//21
f 515//21 514//21 516//21
f 515//21 516//21 517//21
f 517//21 516//21 518//21
f 517//21 518//21 519//21
f 519//21 518//21 520//21
f 519//21 520//21 521//21
f 521//21 520//21 522//21
f 521//235 522//235 523//235
f 523//236 522//236 524//236
f 523//237 524//237 525//237
f 526//21 527//21 493//21
f 493//21 527//21 528//21
f 493//21 528//21 529//21
f 529//21 528//21 530//21
f 438//238 531//238 526//238
f 526//239 531//239 532//239
f 526//240 532//240 533//240
f 533//241 532//241 534//241
f 533//242 534//242 535//242
f 536//21 537//21 438//21
f 438//243 537//243 538//243
f 438//244 538//244 539//244
f 540//21 541//21 536//21
f 536//21 541//21 542//21
f 536//21 542//21 543//21
f 446//21 544//21 540//21
f 540//21 544//21 545//21
f 540//21 545//21 546//21
f 546//21 545//21 547//21
f 547//21 545//21 548//21
f 548//21 545//21 549//21
f 549//21 545//21 550//21
f 550//21 545//21 551//21
f 550//21 551//21 552//21
f 552//21 551//21 553//21
f 553//21 551//21 554//21
f 554//21 551//21 555//21
f 555//21 551//21 536//21
f 555//21 536//21 556//21
f 556//21 536//21 557//21
f 557//21 536//21 558//21
f 558//21 536//21 559//21
f 559//21 536//21 560//21
f 560//21 536//21 543//21
f 436//245 422//245 434//245
f 546//21 561//21 540//21
f 540//21 561//21 562//21
f 540//21 562//21 563//21
f 563//21 564//21 540//21
f 540//21 564//21 565//21
f 540//21 565//21 566//21
f 566//21 567//21 540//21
f 540//21 567//21 541//21
f 447//246 568//246 446//246
f 446//247 568//247 569//247
f 446//248 569//248 570//248
f 571//21 572//21 570//21
f 570//21 572//21 573//21
f 570//249 573//249 446//249
f 446//250 573//250 574//250
f 446//251 574//251 575//251
f 571//21 576//21 572//21
f 572//21 576//21 577//21
f 577//21 576//21 578//21
f 577//233 578//233 579//233
f 579//234 578//234 580//234
f 580//21 578//21 581//21
f 580//21 581//21 582//21
f 582//21 581//21 583//21
f 582//21 583//21 584//21
f 584//21 583//21 585//21
f 584//21 585//21 586//21
f 586//21 585//21 587//21
f 586//21 587//21 588//21
f 588//21 587//21 589//21
f 588//252 589//252 438//252
f 438//253 589//253 439//253
f 575//254 590//254 446//254
f 446//255 590//255 591//255
f 446//256 591//256 592//256
f 592//257 593//257 446//257
f 446//258 593//258 594//258
f 446//259 594//259 595//259
f 446//260 595//260 438//260
f 438//261 595//261 596//261
f 438//262 596//262 597//262
f 597//263 598//263 438//263
f 438//264 598//264 599//264
f 438//265 599//265 600//265
f 600//266 601//266 438//266
f 438//267 601//267 602//267
f 438//268 602//268 588//268
f 603//269 604//269 605//269
f 605//270 604//270 606//270
f 605//271 606//271 607//271
f 607//21 606//21 608//21
f 607//21 608//21 609//21
f 609//21 608//21 610//21
f 609//21 610//21 611//21
f 611//21 610//21 612//21
f 611//21 612//21 613//21
f 613//21 612//21 614//21
f 613//21 614//21 539//21
f 539//21 614//21 615//21
f 539//272 615//272 438//272
f 438//273 615//273 616//273
f 438//274 616//274 617//274
f 604//21 603//21 618//21
f 618//21 603//21 619//21
f 618//275 619//275 446//275
f 446//276 619//276 620//276
f 446//277 620//277 621//277
f 621//278 622//278 446//278
f 446//279 622//279 623//279
f 446//280 623//280 544//280
f 544//281 623//281 624//281
f 544//282 624//282 625//282
f 625//283 626//283 544//283
f 544//284 626//284 627//284
f 544//285 627//285 628//285
f 628//286 629//286 544//286
f 544//287 629//287 537//287
f 537//288 629//288 630//288
f 537//289 630//289 631//289
f 631//290 632//290 537//290
f 537//291 632//291 633//291
f 537//292 633//292 634//292
f 634//293 538//293 537//293
f 635//294 446//294 636//294
f 636//21 446//21 438//21
f 636//295 438//295 637//295
f 637//296 438//296 638//296
f 638//297 438//297 639//297
f 639//298 438//298 640//298
f 640//299 438//299 617//299
f 635//300 641//300 446//300
f 446//301 641//301 642//301
f 446//302 642//302 643//302
f 643//303 644//303 446//303
f 446//304 644//304 645//304
f 446//305 645//305 646//305
f 646//306 647//306 446//306
f 446//307 647//307 648//307
f 446//308 648//308 618//308
f 649//21 545//21 544//21
f 650//21 537//21 551//21
f 551//21 537//21 536//21
f 651//234 652//234 653//234
f 653//233 652//233 654//233
f 653//21 654//21 655//21
f 655//21 654//21 656//21
f 655//21 656//21 657//21
f 657//21 656//21 658//21
f 657//21 658//21 659//21
f 659//21 658//21 660//21
f 659//21 660//21 661//21
f 661//21 660//21 662//21
f 661//21 662//21 663//21
f 663//21 662//21 664//21
f 663//21 664//21 665//21
f 665//309 664//309 434//309
f 665//310 434//310 445//310
f 664//311 436//311 434//311
f 437//312 666//312 431//312
f 431//313 666//313 667//313
f 431//314 667//314 668//314
f 668//315 441//315 431//315
f 443//316 669//316 433//316
f 433//317 669//317 670//317
f 433//318 670//318 671//318
f 671//319 672//319 433//319
f 433//320 672//320 438//320
f 673//21 674//21 672//21
f 672//21 674//21 675//21
f 672//321 675//321 676//321
f 676//322 675//322 677//322
f 676//323 677//323 678//323
f 674//21 673//21 679//21
f 679//21 673//21 680//21
f 679//21 680//21 681//21
f 681//21 680//21 682//21
f 681//21 682//21 683//21
f 683//21 682//21 684//21
f 683//21 684//21 685//21
f 685//21 684//21 651//21
f 685//21 651//21 653//21
f 686//324 687//324 676//324
f 676//325 687//325 688//325
f 676//326 688//326 689//326
f 676//327 689//327 690//327
f 690//328 689//328 691//328
f 690//329 691//329 692//329
f 692//330 693//330 690//330
f 690//331 693//331 665//331
f 690//332 665//332 694//332
f 694//333 665//333 445//333
f 694//334 445//334 695//334
f 695//335 445//335 696//335
f 696//336 445//336 697//336
f 696//337 697//337 698//337
f 698//21 697//21 699//21
f 699//21 697//21 700//21
f 699//21 700//21 701//21
f 701//338 700//338 702//338
f 701//316 702//316 703//316
f 678//339 704//339 676//339
f 676//340 704//340 705//340
f 676//341 705//341 686//341
f 706//21 707//21 708//21
f 708//21 707//21 709//21
f 708//342 709//342 710//342
f 710//343 709//343 711//343
f 711//344 709//344 712//344
f 712//345 709//345 713//345
f 713//346 709//346 694//346
f 694//347 709//347 690//347
f 707//21 706//21 714//21
f 714//21 706//21 676//21
f 714//21 676//21 690//21
f 715//348 531//348 676//348
f 676//349 531//349 438//349
f 676//350 438//350 672//350
f 708//351 716//351 531//351
f 531//352 716//352 717//352
f 531//353 717//353 718//353
f 719//354 720//354 708//354
f 708//355 720//355 721//355
f 708//356 721//356 716//356
f 718//357 722//357 531//357
f 531//358 722//358 723//358
f 531//359 723//359 532//359
f 532//21 723//21 724//21
f 724//21 723//21 725//21
f 724//21 725//21 726//21
f 726//21 725//21 727//21
f 726//21 727//21 728//21
f 728//21 727//21 729//21
f 728//360 729//360 730//360
f 730//361 729//361 731//361
f 730//21 731//21 732//21
f 732//21 731//21 733//21
f 732//362 733//362 734//362
f 734//363 733//363 735//363
f 734//364 735//364 736//364
f 734//365 736//365 737//365
f 737//21 736//21 738//21
f 737//21 738//21 739//21
f 739//361 738//361 740//361
f 739//360 740//360 741//360
f 741//21 740//21 742//21
f 741//21 742//21 743//21
f 743//21 742//21 744//21
f 743//21 744//21 745//21
f 745//21 744//21 694//21
f 745//21 694//21 695//21
f 710//366 719//366 708//366
f 535//367 746//367 533//367
f 533//368 746//368 747//368
f 533//369 747//369 748//369
f 748//370 749//370 533//370
f 533//371 749//371 698//371
f 698//372 749//372 750//372
f 698//373 750//373 751//373
f 751//374 752//374 698//374
f 698//375 752//375 753//375
f 698//376 753//376 696//376
f 754//377 463//377 523//377
f 523//378 463//378 462//378
f 523//21 462//21 755//21
f 755//21 462//21 756//21
f 755//21 756//21 757//21
f 494//379 758//379 463//379
f 463//380 758//380 759//380
f 463//381 759//381 760//381
f 494//382 761//382 495//382
f 523//21 762//21 495//21
f 495//214 762//214 763//214
f 495//213 763//213 764//213
f 445//383 765//383 700//383
f 700//384 765//384 766//384
f 700//385 766//385 767//385
f 478//21 768//21 471//21
f 471//21 768//21 769//21
f 471//21 769//21 770//21
f 770//21 771//21 471//21
f 471//21 771//21 772//21
f 471//21 772//21 773//21
f 773//21 774//21 471//21
f 471//21 774//21 472//21
f 775//21 468//21 483//21
f 483//21 468//21 467//21
f 476//386 776//386 468//386
f 468//387 776//387 777//387
f 468//388 777//388 778//388
f 476//21 779//21 477//21
f 780//214 781//214 782//214
f 782//21 781//21 756//21
f 782//389 756//389 783//389
f 783//390 756//390 784//390
f 784//391 756//391 785//391
f 785//392 756//392 786//392
f 786//237 756//237 787//237
f 787//236 756//236 788//236
f 788//393 756//393 462//393
f 788//394 462//394 789//394
f 789//395 462//395 790//395
f 790//396 462//396 791//396
f 791//397 462//397 792//397
f 791//21 792//21 793//21
f 780//213 794//213 781//213
f 781//398 794//398 795//398
f 781//399 795//399 796//399
f 796//400 797//400 781//400
f 781//401 797//401 798//401
f 781//402 798//402 475//402
f 475//403 798//403 799//403
f 475//404 799//404 800//404
f 800//21 799//21 801//21
f 800//21 801//21 802//21
f 802//21 801//21 803//21
f 802//21 803//21 804//21
f 804//21 803//21 805//21
f 804//21 805//21 806//21
f 806//21 805//21 807//21
f 806//21 807//21 808//21
f 808//21 807//21 809//21
f 808//233 809//233 810//233
f 810//234 809//234 811//234
f 811//21 809//21 812//21
f 811//21 812//21 793//21
f 793//21 812//21 813//21
f 793//21 813//21 791//21
f 800//405 814//405 475//405
f 475//406 814//406 815//406
f 475//407 815//407 816//407
f 816//408 817//408 475//408
f 475//409 817//409 818//409
f 475//410 818//410 819//410
f 819//411 820//411 475//411
f 475//412 820//412 821//412
f 475//413 821//413 462//413
f 462//414 821//414 822//414
f 462//415 822//415 823//415
f 823//416 824//416 462//416
f 462//417 824//417 825//417
f 462//418 825//418 826//418
f 826//419 827//419 462//419
f 462//420 827//420 828//420
f 462//421 828//421 792//421
f 829//422 830//422 831//422
f 831//423 830//423 832//423
f 831//424 832//424 833//424
f 833//21 832//21 834//21
f 833//21 834//21 835//21
f 835//21 834//21 836//21
f 835//275 836//275 462//275
f 462//425 836//425 837//425
f 462//426 837//426 838//426
f 830//21 829//21 839//21
f 839//21 829//21 840//21
f 839//21 840//21 841//21
f 841//21 840//21 842//21
f 841//21 842//21 843//21
f 843//21 842//21 844//21
f 843//21 844//21 845//21
f 845//21 844//21 846//21
f 845//272 846//272 475//272
f 475//427 846//427 847//427
f 475//428 847//428 476//428
f 476//429 847//429 848//429
f 476//430 848//430 849//430
f 849//431 850//431 476//431
f 476//432 850//432 851//432
f 476//433 851//433 852//433
f 852//434 776//434 476//434
f 778//435 853//435 468//435
f 468//436 853//436 854//436
f 468//437 854//437 855//437
f 855//438 469//438 468//438
f 470//439 856//439 462//439
f 462//440 856//440 857//440
f 462//441 857//441 835//441
f 858//442 475//442 859//442
f 859//21 475//21 462//21
f 859//443 462//443 860//443
f 860//444 462//444 861//444
f 861//445 462//445 862//445
f 862//446 462//446 863//446
f 863//447 462//447 864//447
f 864//448 462//448 865//448
f 865//449 462//449 866//449
f 866//450 462//450 838//450
f 858//451 867//451 475//451
f 475//452 867//452 868//452
f 475//453 868//453 869//453
f 869//454 870//454 475//454
f 475//455 870//455 871//455
f 475//456 871//456 845//456
f 498//457 872//457 496//457
f 496//458 872//458 873//458
f 496//459 873//459 874//459
f 874//460 875//460 496//460
f 496//461 875//461 876//461
f 496//462 876//462 877//462
f 496//463 877//463 755//463
f 755//464 877//464 878//464
f 755//465 878//465 879//465
f 879//466 880//466 755//466
f 755//467 880//467 881//467
f 755//468 881//468 882//468
f 882//469 521//469 755//469
f 755//470 521//470 523//470
f 764//398 883//398 495//398
f 495//399 883//399 884//399
f 495//400 884//400 885//400
f 885//401 497//401 495//401
f 525//392 886//392 523//392
f 523//391 886//391 887//391
f 523//390 887//390 888//390
f 888//389 762//389 523//389
f 889//471 890//471 465//471
f 465//472 890//472 891//472
f 465//473 891//473 892//473
f 893//21 894//21 889//21
f 889//21 894//21 895//21
f 889//474 895//474 896//474
f 896//475 895//475 897//475
f 897//476 895//476 898//476
f 898//477 895//477 899//477
f 899//478 895//478 900//478
f 900//479 895//479 493//479
f 900//480 493//480 901//480
f 901//481 493//481 902//481
f 901//21 902//21 903//21
f 894//21 893//21 904//21
f 904//21 893//21 905//21
f 904//21 905//21 906//21
f 906//482 905//482 907//482
f 906//483 907//483 908//483
f 464//484 909//484 905//484
f 905//485 909//485 910//485
f 905//486 910//486 911//486
f 912//487 913//487 914//487
f 914//363 913//363 915//363
f 914//364 915//364 916//364
f 913//21 912//21 917//21
f 917//21 912//21 918//21
f 917//21 918//21 919//21
f 919//21 918//21 920//21
f 919//21 920//21 921//21
f 921//21 920//21 922//21
f 921//21 922//21 923//21
f 923//21 922//21 924//21
f 923//21 924//21 925//21
f 925//21 924//21 926//21
f 925//488 926//488 463//488
f 463//489 926//489 464//489
f 926//490 927//490 464//490
f 464//491 927//491 928//491
f 464//492 928//492 929//492
f 929//493 909//493 464//493
f 911//494 930//494 905//494
f 905//495 930//495 907//495
f 908//496 931//496 906//496
f 906//497 931//497 932//497
f 906//498 932//498 933//498
f 934//21 935//21 933//21
f 933//499 935//499 494//499
f 933//500 494//500 493//500
f 935//21 934//21 936//21
f 936//21 934//21 937//21
f 936//21 937//21 938//21
f 938//21 937//21 939//21
f 938//21 939//21 940//21
f 940//21 939//21 941//21
f 940//21 941//21 942//21
f 942//21 941//21 943//21
f 942//21 943//21 916//21
f 916//501 943//501 914//501
f 760//502 944//502 463//502
f 463//503 944//503 945//503
f 463//504 945//504 946//504
f 946//505 925//505 463//505
f 935//322 947//322 494//322
f 494//323 947//323 948//323
f 494//339 948//339 949//339
f 949//340 950//340 494//340
f 494//341 950//341 951//341
f 494//506 951//506 758//506
f 952//21 781//21 496//21
f 496//21 781//21 475//21
f 953//21 529//21 954//21
f 954//21 529//21 955//21
f 954//21 955//21 956//21
f 956//21 955//21 528//21
f 956//21 528//21 957//21
f 957//507 528//507 958//507
f 957//508 958//508 959//508
f 957//21 458//21 953//21
f 953//509 458//509 960//509
f 953//510 960//510 961//510
f 962//21 963//21 527//21
f 527//21 963//21 460//21
f 527//511 460//511 964//511
f 964//512 460//512 965//512
f 965//513 460//513 966//513
f 966//514 460//514 967//514
f 967//510 460//510 459//510
f 963//21 962//21 968//21
f 968//21 962//21 969//21
f 968//21 969//21 461//21
f 461//507 969//507 970//507
f 461//508 970//508 971//508
f 972//515 973//515 969//515
f 969//516 973//516 974//516
f 969//517 974//517 975//517
f 976//21 527//21 972//21
f 972//21 527//21 526//21
f 972//518 526//518 977//518
f 977//519 526//519 978//519
f 978//520 526//520 979//520
f 978//21 979//21 980//21
f 980//21 979//21 981//21
f 980//21 981//21 982//21
f 982//21 981//21 983//21
f 982//21 983//21 984//21
f 984//21 983//21 985//21
f 984//21 985//21 986//21
f 986//21 985//21 987//21
f 986//269 987//269 988//269
f 988//270 987//270 989//270
f 988//271 989//271 990//271
f 990//21 989//21 991//21
f 990//21 991//21 992//21
f 992//21 991//21 993//21
f 992//521 993//521 444//521
f 444//522 993//522 994//522
f 444//523 994//523 995//523
f 996//524 997//524 998//524
f 998//423 997//423 999//423
f 998//424 999//424 1000//424
f 1000//21 999//21 1001//21
f 1000//21 1001//21 1002//21
f 1002//21 1001//21 1003//21
f 1002//21 1003//21 1004//21
f 1004//21 1003//21 1005//21
f 1004//21 1005//21 1006//21
f 1006//21 1005//21 1007//21
f 1006//21 1007//21 1008//21
f 1008//21 1007//21 1009//21
f 1008//21 1009//21 1010//21
f 1010//21 1009//21 1011//21
f 1010//525 1011//525 527//525
f 527//526 1011//526 528//526
f 997//21 996//21 1012//21
f 1012//21 996//21 1013//21
f 1012//21 1013//21 1014//21
f 1014//21 1013//21 1015//21
f 1014//21 1015//21 1016//21
f 1016//21 1015//21 1017//21
f 1016//21 1017//21 1018//21
f 1018//21 1017//21 1019//21
f 1018//21 1019//21 1020//21
f 1020//21 1019//21 459//21
f 1020//527 459//527 458//527
f 964//528 1021//528 527//528
f 527//529 1021//529 1022//529
f 527//387 1022//387 1023//387
f 1023//388 1024//388 527//388
f 527//435 1024//435 1025//435
f 527//436 1025//436 1026//436
f 1026//437 1027//437 527//437
f 527//438 1027//438 1010//438
f 1028//530 1029//530 528//530
f 528//531 1029//531 1030//531
f 528//532 1030//532 958//532
f 959//533 1031//533 957//533
f 957//534 1031//534 1032//534
f 957//535 1032//535 1020//535
f 1011//536 1033//536 528//536
f 528//537 1033//537 1034//537
f 528//538 1034//538 1035//538
f 1035//539 1036//539 528//539
f 528//540 1036//540 1028//540
f 533//21 701//21 526//21
f 526//541 701//541 1037//541
f 526//542 1037//542 1038//542
f 767//543 1039//543 700//543
f 700//544 1039//544 702//544
f 703//317 1040//317 701//317
f 701//318 1040//318 1041//318
f 701//319 1041//319 1037//319
f 1042//21 1043//21 1038//21
f 1038//21 1043//21 1044//21
f 1038//252 1044//252 526//252
f 526//545 1044//545 1045//545
f 526//546 1045//546 1046//546
f 1043//21 1042//21 1047//21
f 1047//21 1042//21 1048//21
f 1047//21 1048//21 1049//21
f 1049//21 1048//21 1050//21
f 1049//21 1050//21 1051//21
f 1051//21 1050//21 1052//21
f 1051//547 1052//547 1053//547
f 1053//363 1052//363 1054//363
f 1053//364 1054//364 1055//364
f 1053//548 1055//548 1056//548
f 1056//21 1055//21 1057//21
f 1056//21 1057//21 1058//21
f 1058//21 1057//21 1059//21
f 1058//21 1059//21 1060//21
f 1060//249 1059//249 444//249
f 1060//549 444//549 1061//549
f 1061//550 444//550 1062//550
f 1062//551 444//551 1063//551
f 1063//552 444//552 1064//552
f 1064//553 444//553 1065//553
f 1065//554 444//554 1066//554
f 1066//555 444//555 1067//555
f 1067//556 444//556 1068//556
f 1068//557 444//557 526//557
f 1068//558 526//558 1069//558
f 1069//559 526//559 1070//559
f 1070//560 526//560 1071//560
f 1071//561 526//561 1072//561
f 1072//562 526//562 1073//562
f 1073//563 526//563 1046//563
f 1059//564 1074//564 444//564
f 444//565 1074//565 1075//565
f 444//566 1075//566 1076//566
f 444//567 1076//567 445//567
f 445//568 1076//568 1077//568
f 445//569 1077//569 1078//569
f 1078//570 1079//570 445//570
f 445//571 1079//571 765//571
f 977//281 1080//281 972//281
f 972//282 1080//282 1081//282
f 972//283 1081//283 1082//283
f 1082//284 1083//284 972//284
f 972//285 1083//285 973//285
f 975//532 970//532 969//532
f 971//533 1084//533 461//533
f 461//534 1084//534 1085//534
f 461//535 1085//535 1086//535
f 461//572 1086//572 444//572
f 444//573 1086//573 1087//573
f 444//574 1087//574 1088//574
f 1088//575 1089//575 444//575
f 444//576 1089//576 992//576
f 1090//577 526//577 1091//577
f 1091//21 526//21 444//21
f 1091//578 444//578 1092//578
f 1092//579 444//579 1093//579
f 1093//580 444//580 1094//580
f 1094//581 444//581 1095//581
f 1095//582 444//582 1096//582
f 1096//583 444//583 1097//583
f 1097//584 444//584 1098//584
f 1098//585 444//585 995//585
f 1090//586 1099//586 526//586
f 526//587 1099//587 1100//587
f 526//588 1100//588 1101//588
f 1101//589 1102//589 526//589
f 526//590 1102//590 1103//590
f 526//591 1103//591 979//591
f 1104//592 1105//592 889//592
f 889//593 1105//593 1106//593
f 889//594 1106//594 890//594
f 892//595 1107//595 465//595
f 465//596 1107//596 1108//596
f 465//597 1108//597 458//597
f 458//598 1108//598 1109//598
f 458//599 1109//599 1110//599
f 1110//600 1111//600 458//600
f 458//601 1111//601 1112//601
f 458//602 1112//602 1113//602
f 1112//21 1111//21 1114//21
f 1114//21 1111//21 1115//21
f 1114//21 1115//21 1116//21
f 1116//21 1115//21 1117//21
f 1116//547 1117//547 1118//547
f 1118//363 1117//363 1119//363
f 1118//364 1119//364 1120//364
f 1118//548 1120//548 1121//548
f 1121//21 1120//21 1122//21
f 1121//21 1122//21 1123//21
f 1123//21 1122//21 1124//21
f 1123//21 1124//21 1125//21
f 1125//21 1124//21 1126//21
f 1125//21 1126//21 903//21
f 903//21 1126//21 901//21
f 896//603 1104//603 889//603
f 1113//604 1127//604 458//604
f 458//605 1127//605 1128//605
f 458//606 1128//606 1129//606
f 1129//607 1130//607 458//607
f 458//608 1130//608 1131//608
f 458//609 1131//609 1132//609
f 1132//610 1133//610 458//610
f 458//611 1133//611 493//611
f 458//21 493//21 1134//21
f 1134//612 493//612 1135//612
f 1135//613 493//613 1136//613
f 1136//614 493//614 1137//614
f 1137//615 493//615 1138//615
f 1138//616 493//616 1139//616
f 1139//617 493//617 1140//617
f 1140//618 493//618 1141//618
f 1141//619 493//619 1142//619
f 1141//21 1142//21 1143//21
f 1143//21 1142//21 1144//21
f 1143//21 1144//21 1145//21
f 1145//21 1144//21 1146//21
f 1145//21 1146//21 1147//21
f 1147//21 1146//21 1148//21
f 1147//21 1148//21 1149//21
f 1149//21 1148//21 1150//21
f 1149//21 1150//21 1151//21
f 1151//424 1150//424 1152//424
f 1151//423 1152//423 1153//423
f 1153//620 1152//620 1154//620
f 1153//21 1154//21 1155//21
f 1155//21 1154//21 1156//21
f 1155//621 1156//621 458//621
f 458//622 1156//622 1157//622
f 458//623 1157//623 1158//623
f 1133//624 1159//624 493//624
f 493//625 1159//625 1160//625
f 493//626 1160//626 1161//626
f 1161//627 1162//627 493//627
f 493//628 1162//628 1163//628
f 493//629 1163//629 1164//629
f 1164//630 1165//630 493//630
f 493//631 1165//631 902//631
f 1158//632 1166//632 458//632
f 458//633 1166//633 960//633
f 961//514 1167//514 953//514
f 953//513 1167//513 1168//513
f 953//512 1168//512 1169//512
f 953//511 1169//511 529//511
f 529//528 1169//528 1170//528
f 529//529 1170//529 1171//529
f 1171//387 1172//387 529//387
f 529//388 1172//388 1173//388
f 529//435 1173//435 1174//435
f 1174//436 1175//436 529//436
f 529//437 1175//437 1176//437
f 529//438 1176//438 1177//438
f 529//634 1177//634 493//634
f 493//635 1177//635 1142//635
f 1134//636 1178//636 458//636
f 458//637 1178//637 1179//637
f 458//638 1179//638 1180//638
f 1180//639 1181//639 458//639
f 458//640 1181//640 1182//640
f 458//641 1182//641 1183//641
f 1183//642 1184//642 458//642
f 458//643 1184//643 1185//643
f 458//644 1185//644 1186//644
f 1186//645 1155//645 458//645
f 895//21 906//21 493//21
f 493//646 906//646 933//646
f 957//647 1020//647 458//647
f 706//648 708//648 1187//648
f 1187//648 708//648 1188//648
f 676//649 706//649 1189//649
f 1189//649 706//649 1187//649
f 1190//198 1191//198 690//198
f 690//198 1191//198 714//198
f 1192//164 1190//164 709//164
f 709//164 1190//164 690//164
f 1193//199 1192//199 707//199
f 707//199 1192//199 709//199
f 1191//138 1193//138 714//138
f 714//138 1193//138 707//138
f 1193//21 1191//21 1192//21
f 1192//21 1191//21 1190//21
f 708//121 531//121 1188//121
f 1188//121 531//121 1194//121
f 715//650 676//650 1195//650
f 1195//650 676//650 1189//650
f 1196//183 654//183 1197//183
f 1197//183 654//183 652//183
f 1197//187 652//187 1198//187
f 1198//187 652//187 651//187
f 1198//188 651//188 1199//188
f 1199//188 651//188 684//188
f 1199//189 684//189 1200//189
f 1200//189 684//189 682//189
f 1200//190 682//190 1201//190
f 1201//190 682//190 680//190
f 1201//191 680//191 1202//191
f 1202//191 680//191 673//191
f 1202//192 673//192 1203//192
f 1203//192 673//192 672//192
f 1203//651 672//651 1204//651
f 1204//651 672//651 671//651
f 1204//652 671//652 1205//652
f 1205//652 671//652 670//652
f 1205//653 670//653 1206//653
f 1206//653 670//653 669//653
f 1206//654 669//654 1207//654
f 1207//654 669//654 443//654
f 1207//655 443//655 1208//655
f 1208//655 443//655 442//655
f 1208//656 442//656 1209//656
f 1209//656 442//656 441//656
f 1209//657 441//657 1210//657
f 1210//657 441//657 668//657
f 1210//658 668//658 1211//658
f 1211//658 668//658 667//658
f 1211//659 667//659 1212//659
f 1212//659 667//659 666//659
f 1212//660 666//660 1213//660
f 1213//660 666//660 437//660
f 1213//661 437//661 1214//661
f 1214//661 437//661 436//661
f 1214//662 436//662 1215//662
f 1215//662 436//662 664//662
f 1215//178 664//178 1216//178
f 1216//178 664//178 662//178
f 1216//179 662//179 1217//179
f 1217//179 662//179 660//179
f 1217//180 660//180 1218//180
f 1218//180 660//180 658//180
f 1218//181 658//181 1219//181
f 1219//181 658//181 656//181
f 1219//182 656//182 1196//182
f 1196//182 656//182 654//182
f 1220//183 688//183 1221//183
f 1221//183 688//183 687//183
f 1221//187 687//187 1222//187
f 1222//187 687//187 686//187
f 1222//188 686//188 1223//188
f 1223//188 686//188 705//188
f 1223//189 705//189 1224//189
f 1224//189 705//189 704//189
f 1224//190 704//190 1225//190
f 1225//190 704//190 678//190
f 1225//191 678//191 1226//191
f 1226//191 678//191 677//191
f 1226//192 677//192 1227//192
f 1227//192 677//192 675//192
f 1227//651 675//651 1228//651
f 1228//651 675//651 674//651
f 1228//652 674//652 1229//652
f 1229//652 674//652 679//652
f 1229//653 679//653 1230//653
f 1230//653 679//653 681//653
f 1230//654 681//654 1231//654
f 1231//654 681//654 683//654
f 1231//655 683//655 1232//655
f 1232//655 683//655 685//655
f 1232//656 685//656 1233//656
f 1233//656 685//656 653//656
f 1233//657 653//657 1234//657
f 1234//657 653//657 655//657
f 1234//658 655//658 1235//658
f 1235//658 655//658 657//658
f 1235//659 657//659 1236//659
f 1236//659 657//659 659//659
f 1236//660 659//660 1237//660
f 1237//660 659//660 661//660
f 1237//661 661//661 1238//661
f 1238//661 661//661 663//661
f 1238//662 663//662 1239//662
f 1239//662 663//662 665//662
f 1239//178 665//178 1240//178
f 1240//178 665//178 693//178
f 1240//179 693//179 1241//179
f 1241//179 693//179 692//179
f 1241//180 692//180 1242//180
f 1242//180 692//180 691//180
f 1242//181 691//181 1243//181
f 1243//181 691//181 689//181
f 1243//182 689//182 1220//182
f 1220//182 689//182 688//182
f 1244//663 1245//663 1246//663
f 1246//664 1245//664 1247//664
f 1248//656 305//656 1249//656
f 1249//656 305//656 304//656
f 1249//655 304//655 1250//655
f 1250//655 304//655 303//655
f 1250//654 303//654 1251//654
f 1251//654 303//654 301//654
f 1251//653 301//653 1252//653
f 1252//653 301//653 300//653
f 1252//652 300//652 1253//652
f 1253//652 300//652 298//652
f 1253//651 298//651 1254//651
f 1254//651 298//651 297//651
f 305//139 1248//139 307//139
f 307//139 1248//139 1255//139
f 307//139 1255//139 421//139
f 420//196 1256//196 412//196
f 412//194 1256//194 1257//194
f 412//195 1257//195 283//195
f 285//193 414//193 283//193
f 283//194 414//194 411//194
f 283//195 411//195 412//195
f 1258//192 295//192 1259//192
f 1259//192 295//192 293//192
f 1259//191 293//191 1260//191
f 1260//191 293//191 291//191
f 1260//190 291//190 1261//190
f 1261//190 291//190 289//190
f 1261//189 289//189 1262//189
f 1262//189 289//189 287//189
f 1262//188 287//188 1263//188
f 1263//188 287//188 284//188
f 1263//187 284//187 1257//187
f 1257//187 284//187 283//187
f 297//164 295//164 1254//164
f 1254//164 295//164 1258//164
f 1258//1 1255//1 1254//1
f 1254//1 1255//1 1248//1
f 1254//1 1248//1 1253//1
f 1253//1 1248//1 1252//1
f 1252//1 1248//1 1251//1
f 1251//1 1248//1 1250//1
f 1250//1 1248//1 1249//1
f 1255//1 1258//1 1257//1
f 1257//1 1258//1 1259//1
f 1257//1 1259//1 1260//1
f 1260//1 1261//1 1257//1
f 1257//1 1261//1 1262//1
f 1257//1 1262//1 1263//1
f 1257//1 1256//1 1255//1
f 1247//121 1264//121 1246//121
f 1246//121 1264//121 1265//121
f 1246//121 1265//121 1266//121
f 1266//121 1265//121 1267//121
f 1266//121 1267//121 1268//121
f 1268//121 1267//121 1247//121
f 1247//121 1267//121 1269//121
f 1247//121 1269//121 1264//121
f 1265//121 1264//121 1270//121
f 1270//121 1264//121 1271//121
f 1270//121 1271//121 1272//121
f 1272//121 1271//121 1273//121
f 1272//121 1273//121 1269//121
f 1267//121 1272//121 1269//121
f 1267//665 1274//665 1272//665
f 1272//665 1274//665 1275//665
f 259//139 282//139 238//139
f 238//139 282//139 1276//139
f 238//139 1276//139 1277//139
f 1277//139 1276//139 1278//139
f 1277//139 1278//139 1274//139
f 1274//139 1278//139 281//139
f 1274//139 281//139 282//139
f 260//139 1275//139 259//139
f 259//139 1275//139 1274//139
f 259//139 1274//139 282//139
f 260//139 239//139 1275//139
f 1275//139 239//139 1279//139
f 1279//139 239//139 238//139
f 1279//139 238//139 1277//139
f 275//666 273//666 282//666
f 282//667 273//667 1276//667
f 259//668 238//668 258//668
f 258//669 238//669 237//669
f 531//197 715//197 1194//197
f 1194//197 715//197 1195//197
f 1280//656 732//656 1281//656
f 1281//656 732//656 734//656
f 1281//657 734//657 1282//657
f 1282//657 734//657 737//657
f 1282//658 737//658 1283//658
f 1283//658 737//658 739//658
f 1283//659 739//659 1284//659
f 1284//659 739//659 741//659
f 1284//660 741//660 1285//660
f 1285//660 741//660 743//660
f 1285//661 743//661 1286//661
f 1286//661 743//661 745//661
f 1286//662 745//662 1287//662
f 1287//662 745//662 695//662
f 1287//178 695//178 1288//178
f 1288//178 695//178 696//178
f 1288//179 696//179 1289//179
f 1289//179 696//179 753//179
f 1289//180 753//180 1290//180
f 1290//180 753//180 752//180
f 1290//181 752//181 1291//181
f 1291//181 752//181 751//181
f 1291//182 751//182 1292//182
f 1292//182 751//182 750//182
f 1292//183 750//183 1293//183
f 1293//183 750//183 749//183
f 1293//187 749//187 1294//187
f 1294//187 749//187 748//187
f 1294//188 748//188 1295//188
f 1295//188 748//188 747//188
f 1295//189 747//189 1296//189
f 1296//189 747//189 746//189
f 1296//190 746//190 1297//190
f 1297//190 746//190 535//190
f 1297//191 535//191 1298//191
f 1298//191 535//191 534//191
f 1298//192 534//192 1299//192
f 1299//192 534//192 532//192
f 1299//651 532//651 1300//651
f 1300//651 532//651 724//651
f 1300//652 724//652 1301//652
f 1301//652 724//652 726//652
f 1301//653 726//653 1302//653
f 1302//653 726//653 728//653
f 1302//654 728//654 1303//654
f 1303//654 728//654 730//654
f 1303//655 730//655 1280//655
f 1280//655 730//655 732//655
f 1304//656 721//656 1305//656
f 1305//656 721//656 720//656
f 1305//657 720//657 1306//657
f 1306//657 720//657 719//657
f 1306//658 719//658 1307//658
f 1307//658 719//658 710//658
f 1307//659 710//659 1308//659
f 1308//659 710//659 711//659
f 1308//660 711//660 1309//660
f 1309//660 711//660 712//660
f 1309//661 712//661 1310//661
f 1310//661 712//661 713//661
f 1310//662 713//662 1311//662
f 1311//662 713//662 694//662
f 1311//178 694//178 1312//178
f 1312//178 694//178 744//178
f 1312//179 744//179 1313//179
f 1313//179 744//179 742//179
f 1313//180 742//180 1314//180
f 1314//180 742//180 740//180
f 1314//181 740//181 1315//181
f 1315//181 740//181 738//181
f 1315//182 738//182 1316//182
f 1316//182 738//182 736//182
f 1316//183 736//183 1317//183
f 1317//183 736//183 735//183
f 1317//187 735//187 1318//187
f 1318//187 735//187 733//187
f 1318//188 733//188 1319//188
f 1319//188 733//188 731//188
f 1319//189 731//189 1320//189
f 1320//189 731//189 729//189
f 1320//190 729//190 1321//190
f 1321//190 729//190 727//190
f 1321//191 727//191 1322//191
f 1322//191 727//191 725//191
f 1322//192 725//192 1323//192
f 1323//192 725//192 723//192
f 1323//651 723//651 1324//651
f 1324//651 723//651 722//651
f 1324//652 722//652 1325//652
f 1325//652 722//652 718//652
f 1325//653 718//653 1326//653
f 1326//653 718//653 717//653
f 1326//654 717//654 1327//654
f 1327//654 717//654 716//654
f 1327//655 716//655 1304//655
f 1304//655 716//655 721//655
f 1328//670 1329//670 1330//670
f 1330//1 1329//1 1331//1
f 1271//671 1264//671 1332//671
f 1332//672 1264//672 1333//672
f 1332//673 1333//673 1334//673
f 1334//674 1333//674 1335//674
f 1335//675 1333//675 1336//675
f 1335//676 1336//676 1337//676
f 1337//677 1336//677 1338//677
f 1337//678 1338//678 1339//678
f 1339//679 1338//679 1340//679
f 1339//680 1340//680 1341//680
f 1342//681 1343//681 1341//681
f 1341//682 1343//682 1344//682
f 1341//683 1344//683 1345//683
f 1345//684 1344//684 1346//684
f 1346//685 1344//685 1337//685
f 1346//686 1337//686 1347//686
f 1347//133 1337//133 1339//133
f 1342//687 1348//687 1343//687
f 1343//688 1349//688 1344//688
f 1344//689 1349//689 1350//689
f 1350//690 1349//690 1351//690
f 1345//691 1339//691 1341//691
f 537//692 650//692 1352//692
f 1352//692 650//692 1353//692
f 544//164 537//164 1354//164
f 1354//164 537//164 1352//164
f 649//693 544//693 1355//693
f 1355//693 544//693 1354//693
f 434//694 422//694 435//694
f 435//694 422//694 424//694
f 268//138 264//138 248//138
f 248//138 264//138 244//138
f 1356//183 577//183 1357//183
f 1357//183 577//183 579//183
f 1357//187 579//187 1358//187
f 1358//187 579//187 580//187
f 1358//188 580//188 1359//188
f 1359//188 580//188 582//188
f 1359//189 582//189 1360//189
f 1360//189 582//189 584//189
f 1360//190 584//190 1361//190
f 1361//190 584//190 586//190
f 1361//191 586//191 1362//191
f 1362//191 586//191 588//191
f 1362//192 588//192 1363//192
f 1363//192 588//192 602//192
f 1363//651 602//651 1364//651
f 1364//651 602//651 601//651
f 1364//652 601//652 1365//652
f 1365//652 601//652 600//652
f 1365//653 600//653 1366//653
f 1366//653 600//653 599//653
f 1366//654 599//654 1367//654
f 1367//654 599//654 598//654
f 1367//655 598//655 1368//655
f 1368//655 598//655 597//655
f 1368//656 597//656 1369//656
f 1369//656 597//656 596//656
f 1369//657 596//657 1370//657
f 1370//657 596//657 595//657
f 1370//658 595//658 1371//658
f 1371//658 595//658 594//658
f 1371//659 594//659 1372//659
f 1372//659 594//659 593//659
f 1372//660 593//660 1373//660
f 1373//660 593//660 592//660
f 1373//661 592//661 1374//661
f 1374//661 592//661 591//661
f 1374//662 591//662 1375//662
f 1375//662 591//662 590//662
f 1375//178 590//178 1376//178
f 1376//178 590//178 575//178
f 1376//179 575//179 1377//179
f 1377//179 575//179 574//179
f 1377//180 574//180 1378//180
f 1378//180 574//180 573//180
f 1378//181 573//181 1379//181
f 1379//181 573//181 572//181
f 1379//182 572//182 1356//182
f 1356//182 572//182 577//182
f 1380//183 452//183 1381//183
f 1381//183 452//183 453//183
f 1381//187 453//187 1382//187
f 1382//187 453//187 454//187
f 1382//188 454//188 1383//188
f 1383//188 454//188 455//188
f 1383//189 455//189 1384//189
f 1384//189 455//189 456//189
f 1384//190 456//190 1385//190
f 1385//190 456//190 457//190
f 1385//191 457//191 1386//191
f 1386//191 457//191 440//191
f 1386//192 440//192 1387//192
f 1387//192 440//192 439//192
f 1387//651 439//651 1388//651
f 1388//651 439//651 589//651
f 1388//652 589//652 1389//652
f 1389//652 589//652 587//652
f 1389//653 587//653 1390//653
f 1390//653 587//653 585//653
f 1390//654 585//654 1391//654
f 1391//654 585//654 583//654
f 1391//655 583//655 1392//655
f 1392//655 583//655 581//655
f 1392//656 581//656 1393//656
f 1393//656 581//656 578//656
f 1393//657 578//657 1394//657
f 1394//657 578//657 576//657
f 1394//658 576//658 1395//658
f 1395//658 576//658 571//658
f 1395//659 571//659 1396//659
f 1396//659 571//659 570//659
f 1396//660 570//660 1397//660
f 1397//660 570//660 569//660
f 1397//661 569//661 1398//661
f 1398//661 569//661 568//661
f 1398//662 568//662 1399//662
f 1399//662 568//662 447//662
f 1399//178 447//178 1400//178
f 1400//178 447//178 448//178
f 1400//179 448//179 1401//179
f 1401//179 448//179 449//179
f 1401//180 449//180 1402//180
f 1402//180 449//180 450//180
f 1402//181 450//181 1403//181
f 1403//181 450//181 451//181
f 1403//182 451//182 1380//182
f 1380//182 451//182 452//182
f 1404//192 603//192 1405//192
f 1405//192 603//192 605//192
f 1405//651 605//651 1406//651
f 1406//651 605//651 607//651
f 1406//652 607//652 1407//652
f 1407//652 607//652 609//652
f 1407//653 609//653 1408//653
f 1408//653 609//653 611//653
f 1408//654 611//654 1409//654
f 1409//654 611//654 613//654
f 1409//655 613//655 1410//655
f 1410//655 613//655 539//655
f 1410//656 539//656 1411//656
f 1411//656 539//656 538//656
f 1411//657 538//657 1412//657
f 1412//657 538//657 634//657
f 1412//658 634//658 1413//658
f 1413//658 634//658 633//658
f 1413//659 633//659 1414//659
f 1414//659 633//659 632//659
f 1414//660 632//660 1415//660
f 1415//660 632//660 631//660
f 1415//661 631//661 1416//661
f 1416//661 631//661 630//661
f 1416//662 630//662 1417//662
f 1417//662 630//662 629//662
f 1417//178 629//178 1418//178
f 1418//178 629//178 628//178
f 1418//179 628//179 1419//179
f 1419//179 628//179 627//179
f 1419//180 627//180 1420//180
f 1420//180 627//180 626//180
f 1420//181 626//181 1421//181
f 1421//181 626//181 625//181
f 1421//182 625//182 1422//182
f 1422//182 625//182 624//182
f 1422//183 624//183 1423//183
f 1423//183 624//183 623//183
f 1423//187 623//187 1424//187
f 1424//187 623//187 622//187
f 1424//188 622//188 1425//188
f 1425//188 622//188 621//188
f 1425//189 621//189 1426//189
f 1426//189 621//189 620//189
f 1426//190 620//190 1427//190
f 1427//190 620//190 619//190
f 1427//191 619//191 1404//191
f 1404//191 619//191 603//191
f 1428//192 635//192 1429//192
f 1429//192 635//192 636//192
f 1429//651 636//651 1430//651
f 1430//651 636//651 637//651
f 1430//652 637//652 1431//652
f 1431//652 637//652 638//652
f 1431//653 638//653 1432//653
f 1432//653 638//653 639//653
f 1432//654 639//654 1433//654
f 1433//654 639//654 640//654
f 1433//655 640//655 1434//655
f 1434//655 640//655 617//655
f 1434//656 617//656 1435//656
f 1435//656 617//656 616//656
f 1435//657 616//657 1436//657
f 1436//657 616//657 615//657
f 1436//658 615//658 1437//658
f 1437//658 615//658 614//658
f 1437//659 614//659 1438//659
f 1438//659 614//659 612//659
f 1438//660 612//660 1439//660
f 1439//660 612//660 610//660
f 1439//661 610//661 1440//661
f 1440//661 610//661 608//661
f 1440//662 608//662 1441//662
f 1441//662 608//662 606//662
f 1441//178 606//178 1442//178
f 1442//178 606//178 604//178
f 1442//179 604//179 1443//179
f 1443//179 604//179 618//179
f 1443//180 618//180 1444//180
f 1444//180 618//180 648//180
f 1444//181 648//181 1445//181
f 1445//181 648//181 647//181
f 1445//182 647//182 1446//182
f 1446//182 647//182 646//182
f 1446//183 646//183 1447//183
f 1447//183 646//183 645//183
f 1447//187 645//187 1448//187
f 1448//187 645//187 644//187
f 1448//188 644//188 1449//188
f 1449//188 644//188 643//188
f 1449//189 643//189 1450//189
f 1450//189 643//189 642//189
f 1450//190 642//190 1451//190
f 1451//190 642//190 641//190
f 1451//191 641//191 1428//191
f 1428//191 641//191 635//191
f 240//695 251//695 241//695
f 241//695 251//695 261//695
f 1452//696 1453//696 1454//696
f 1454//697 1453//697 1455//697
f 1335//698 1337//698 1456//698
f 1456//698 1337//698 1457//698
f 1340//699 1338//699 1458//699
f 1458//699 1338//699 1459//699
f 1460//700 1461//700 1328//700
f 1328//701 1461//701 1329//701
f 1268//702 1247//702 1462//702
f 1462//703 1247//703 1245//703
f 495//704 761//704 1463//704
f 1463//704 761//704 1464//704
f 754//705 523//705 1465//705
f 1465//705 523//705 1466//705
f 523//139 495//139 1466//139
f 1466//139 495//139 1463//139
f 952//706 496//706 1467//706
f 1467//706 496//706 1468//706
f 496//121 755//121 1468//121
f 1468//121 755//121 1469//121
f 755//707 757//707 1469//707
f 1469//707 757//707 1470//707
f 1471//183 508//183 1472//183
f 1472//183 508//183 510//183
f 1472//187 510//187 1473//187
f 1473//187 510//187 511//187
f 1473//188 511//188 1474//188
f 1474//188 511//188 513//188
f 1474//189 513//189 1475//189
f 1475//189 513//189 515//189
f 1475//190 515//190 1476//190
f 1476//190 515//190 517//190
f 1476//191 517//191 1477//191
f 1477//191 517//191 519//191
f 1477//192 519//192 1478//192
f 1478//192 519//192 521//192
f 1478//651 521//651 1479//651
f 1479//651 521//651 882//651
f 1479//652 882//652 1480//652
f 1480//652 882//652 881//652
f 1480//653 881//653 1481//653
f 1481//653 881//653 880//653
f 1481//654 880//654 1482//654
f 1482//654 880//654 879//654
f 1482//655 879//655 1483//655
f 1483//655 879//655 878//655
f 1483//656 878//656 1484//656
f 1484//656 878//656 877//656
f 1484//657 877//657 1485//657
f 1485//657 877//657 876//657
f 1485//658 876//658 1486//658
f 1486//658 876//658 875//658
f 1486//659 875//659 1487//659
f 1487//659 875//659 874//659
f 1487//660 874//660 1488//660
f 1488//660 874//660 873//660
f 1488//661 873//661 1489//661
f 1489//661 873//661 872//661
f 1489//662 872//662 1490//662
f 1490//662 872//662 498//662
f 1490//178 498//178 1491//178
f 1491//178 498//178 500//178
f 1491//179 500//179 1492//179
f 1492//179 500//179 502//179
f 1492//180 502//180 1493//180
f 1493//180 502//180 504//180
f 1493//181 504//181 1494//181
f 1494//181 504//181 506//181
f 1494//182 506//182 1471//182
f 1471//182 506//182 508//182
f 1495//183 763//183 1496//183
f 1496//183 763//183 762//183
f 1496//187 762//187 1497//187
f 1497//187 762//187 888//187
f 1497//188 888//188 1498//188
f 1498//188 888//188 887//188
f 1498//189 887//189 1499//189
f 1499//189 887//189 886//189
f 1499//190 886//190 1500//190
f 1500//190 886//190 525//190
f 1500//191 525//191 1501//191
f 1501//191 525//191 524//191
f 1501//192 524//192 1502//192
f 1502//192 524//192 522//192
f 1502//651 522//651 1503//651
f 1503//651 522//651 520//651
f 1503//652 520//652 1504//652
f 1504//652 520//652 518//652
f 1504//653 518//653 1505//653
f 1505//653 518//653 516//653
f 1505//654 516//654 1506//654
f 1506//654 516//654 514//654
f 1506//655 514//655 1507//655
f 1507//655 514//655 512//655
f 1507//656 512//656 1508//656
f 1508//656 512//656 509//656
f 1508//657 509//657 1509//657
f 1509//657 509//657 507//657
f 1509//658 507//658 1510//658
f 1510//658 507//658 505//658
f 1510//659 505//659 1511//659
f 1511//659 505//659 503//659
f 1511//660 503//660 1512//660
f 1512//660 503//660 501//660
f 1512//661 501//661 1513//661
f 1513//661 501//661 499//661
f 1513//662 499//662 1514//662
f 1514//662 499//662 497//662
f 1514//178 497//178 1515//178
f 1515//178 497//178 885//178
f 1515//179 885//179 1516//179
f 1516//179 885//179 884//179
f 1516//180 884//180 1517//180
f 1517//180 884//180 883//180
f 1517//181 883//181 1518//181
f 1518//181 883//181 764//181
f 1518//182 764//182 1495//182
f 1495//182 764//182 763//182
f 1519//708 1520//708 1521//708
f 1521//709 1520//709 1522//709
f 1522//710 1520//710 1523//710
f 1522//711 1523//711 1524//711
f 1524//712 1523//712 1525//712
f 1525//713 1523//713 1526//713
f 1522//714 1524//714 1527//714
f 1527//715 1524//715 1528//715
f 1527//132 1528//132 1529//132
f 1527//684 1530//684 1522//684
f 1522//716 1530//716 1531//716
f 1531//135 1530//135 1532//135
f 779//717 476//717 1533//717
f 1533//717 476//717 1534//717
f 476//138 468//138 1534//138
f 1534//138 468//138 1535//138
f 468//718 775//718 1535//718
f 1535//718 775//718 1536//718
f 781//704 952//704 1537//704
f 1537//704 952//704 1467//704
f 757//705 756//705 1470//705
f 1470//705 756//705 1538//705
f 756//139 781//139 1538//139
f 1538//139 781//139 1537//139
f 1523//719 1520//719 1539//719
f 1539//720 1520//720 1540//720
f 1530//164 1527//164 1541//164
f 1541//164 1527//164 1542//164
f 1543//183 808//183 1544//183
f 1544//183 808//183 810//183
f 1544//187 810//187 1545//187
f 1545//187 810//187 811//187
f 1545//188 811//188 1546//188
f 1546//188 811//188 793//188
f 1546//189 793//189 1547//189
f 1547//189 793//189 792//189
f 1547//190 792//190 1548//190
f 1548//190 792//190 828//190
f 1548//191 828//191 1549//191
f 1549//191 828//191 827//191
f 1549//192 827//192 1550//192
f 1550//192 827//192 826//192
f 1550//651 826//651 1551//651
f 1551//651 826//651 825//651
f 1551//652 825//652 1552//652
f 1552//652 825//652 824//652
f 1552//653 824//653 1553//653
f 1553//653 824//653 823//653
f 1553//654 823//654 1554//654
f 1554//654 823//654 822//654
f 1554//655 822//655 1555//655
f 1555//655 822//655 821//655
f 1555//656 821//656 1556//656
f 1556//656 821//656 820//656
f 1556//657 820//657 1557//657
f 1557//657 820//657 819//657
f 1557//658 819//658 1558//658
f 1558//658 819//658 818//658
f 1558//659 818//659 1559//659
f 1559//659 818//659 817//659
f 1559//660 817//660 1560//660
f 1560//660 817//660 816//660
f 1560//661 816//661 1561//661
f 1561//661 816//661 815//661
f 1561//662 815//662 1562//662
f 1562//662 815//662 814//662
f 1562//178 814//178 1563//178
f 1563//178 814//178 800//178
f 1563//179 800//179 1564//179
f 1564//179 800//179 802//179
f 1564//180 802//180 1565//180
f 1565//180 802//180 804//180
f 1565//181 804//181 1566//181
f 1566//181 804//181 806//181
f 1566//182 806//182 1543//182
f 1543//182 806//182 808//182
f 1567//183 780//183 1568//183
f 1568//183 780//183 782//183
f 1568//187 782//187 1569//187
f 1569//187 782//187 783//187
f 1569//188 783//188 1570//188
f 1570//188 783//188 784//188
f 1570//189 784//189 1571//189
f 1571//189 784//189 785//189
f 1571//190 785//190 1572//190
f 1572//190 785//190 786//190
f 1572//191 786//191 1573//191
f 1573//191 786//191 787//191
f 1573//192 787//192 1574//192
f 1574//192 787//192 788//192
f 1574//651 788//651 1575//651
f 1575//651 788//651 789//651
f 1575//652 789//652 1576//652
f 1576//652 789//652 790//652
f 1576//653 790//653 1577//653
f 1577//653 790//653 791//653
f 1577//654 791//654 1578//654
f 1578//654 791//654 813//654
f 1578//655 813//655 1579//655
f 1579//655 813//655 812//655
f 1579//656 812//656 1580//656
f 1580//656 812//656 809//656
f 1580//657 809//657 1581//657
f 1581//657 809//657 807//657
f 1581//658 807//658 1582//658
f 1582//658 807//658 805//658
f 1582//659 805//659 1583//659
f 1583//659 805//659 803//659
f 1583//660 803//660 1584//660
f 1584//660 803//660 801//660
f 1584//661 801//661 1585//661
f 1585//661 801//661 799//661
f 1585//662 799//662 1586//662
f 1586//662 799//662 798//662
f 1586//178 798//178 1587//178
f 1587//178 798//178 797//178
f 1587//179 797//179 1588//179
f 1588//179 797//179 796//179
f 1588//180 796//180 1589//180
f 1589//180 796//180 795//180
f 1589//181 795//181 1590//181
f 1590//181 795//181 794//181
f 1590//182 794//182 1567//182
f 1567//182 794//182 780//182
f 1591//662 829//662 1592//662
f 1592//662 829//662 831//662
f 1592//178 831//178 1593//178
f 1593//178 831//178 833//178
f 1593//179 833//179 1594//179
f 1594//179 833//179 835//179
f 1594//180 835//180 1595//180
f 1595//180 835//180 857//180
f 1595//181 857//181 1596//181
f 1596//181 857//181 856//181
f 1596//182 856//182 1597//182
f 1597//182 856//182 470//182
f 1597//183 470//183 1598//183
f 1598//183 470//183 469//183
f 1598//187 469//187 1599//187
f 1599//187 469//187 855//187
f 1599//188 855//188 1600//188
f 1600//188 855//188 854//188
f 1600//189 854//189 1601//189
f 1601//189 854//189 853//189
f 1601//190 853//190 1602//190
f 1602//190 853//190 778//190
f 1602//191 778//191 1603//191
f 1603//191 778//191 777//191
f 1603//192 777//192 1604//192
f 1604//192 777//192 776//192
f 1604//651 776//651 1605//651
f 1605//651 776//651 852//651
f 1605//652 852//652 1606//652
f 1606//652 852//652 851//652
f 1606//653 851//653 1607//653
f 1607//653 851//653 850//653
f 1607//654 850//654 1608//654
f 1608//654 850//654 849//654
f 1608//655 849//655 1609//655
f 1609//655 849//655 848//655
f 1609//656 848//656 1610//656
f 1610//656 848//656 847//656
f 1610//657 847//657 1611//657
f 1611//657 847//657 846//657
f 1611//658 846//658 1612//658
f 1612//658 846//658 844//658
f 1612//659 844//659 1613//659
f 1613//659 844//659 842//659
f 1613//660 842//660 1614//660
f 1614//660 842//660 840//660
f 1614//661 840//661 1591//661
f 1591//661 840//661 829//661
f 1615//662 858//662 1616//662
f 1616//662 858//662 859//662
f 1616//178 859//178 1617//178
f 1617//178 859//178 860//178
f 1617//179 860//179 1618//179
f 1618//179 860//179 861//179
f 1618//180 861//180 1619//180
f 1619//180 861//180 862//180
f 1619//181 862//181 1620//181
f 1620//181 862//181 863//181
f 1620//182 863//182 1621//182
f 1621//182 863//182 864//182
f 1621//183 864//183 1622//183
f 1622//183 864//183 865//183
f 1622//187 865//187 1623//187
f 1623//187 865//187 866//187
f 1623//188 866//188 1624//188
f 1624//188 866//188 838//188
f 1624//189 838//189 1625//189
f 1625//189 838//189 837//189
f 1625//190 837//190 1626//190
f 1626//190 837//190 836//190
f 1626//191 836//191 1627//191
f 1627//191 836//191 834//191
f 1627//192 834//192 1628//192
f 1628//192 834//192 832//192
f 1628//651 832//651 1629//651
f 1629//651 832//651 830//651
f 1629//652 830//652 1630//652
f 1630//652 830//652 839//652
f 1630//653 839//653 1631//653
f 1631//653 839//653 841//653
f 1631//654 841//654 1632//654
f 1632//654 841//654 843//654
f 1632//655 843//655 1633//655
f 1633//655 843//655 845//655
f 1633//656 845//656 1634//656
f 1634//656 845//656 871//656
f 1634//657 871//657 1635//657
f 1635//657 871//657 870//657
f 1635//658 870//658 1636//658
f 1636//658 870//658 869//658
f 1636//659 869//659 1637//659
f 1637//659 869//659 868//659
f 1637//660 868//660 1638//660
f 1638//660 868//660 867//660
f 1638//661 867//661 1615//661
f 1615//661 867//661 858//661
f 1639//721 1459//721 1336//721
f 1336//722 1459//722 1338//722
f 1461//164 1640//164 1329//164
f 1329//164 1640//164 1331//164
f 1334//723 1335//723 1641//723
f 1641//724 1335//724 1456//724
f 253//725 278//725 229//725
f 229//726 278//726 279//726
f 229//727 279//727 254//727
f 254//728 279//728 255//728
f 280//729 1642//729 253//729
f 253//730 1642//730 278//730
f 278//21 1642//21 1643//21
f 1643//21 1642//21 1644//21
f 1643//21 1644//21 1645//21
f 1645//21 1644//21 1460//21
f 1460//731 1644//731 1452//731
f 1460//732 1452//732 1646//732
f 1644//733 1453//733 1452//733
f 1647//734 230//734 1646//734
f 1646//735 230//735 229//735
f 1646//736 229//736 1648//736
f 1648//737 229//737 254//737
f 1640//21 1461//21 1648//21
f 1648//21 1461//21 1646//21
f 1461//738 1460//738 1646//738
f 1340//739 1458//739 1341//739
f 1341//740 1458//740 1649//740
f 1457//741 1337//741 1650//741
f 1650//742 1337//742 1344//742
f 1651//21 1652//21 1653//21
f 1653//21 1652//21 1654//21
f 1652//139 1651//139 956//139
f 956//139 1651//139 954//139
f 1654//138 1652//138 957//138
f 957//138 1652//138 956//138
f 1653//121 1654//121 953//121
f 953//121 1654//121 957//121
f 1651//164 1653//164 954//164
f 954//164 1653//164 953//164
f 955//743 529//743 1655//743
f 1655//743 529//743 1656//743
f 528//717 955//717 1657//717
f 1657//717 955//717 1655//717
f 1658//21 1659//21 1660//21
f 1660//21 1659//21 1661//21
f 1659//139 1658//139 968//139
f 968//139 1658//139 963//139
f 1661//138 1659//138 461//138
f 461//138 1659//138 968//138
f 1660//121 1661//121 460//121
f 460//121 1661//121 461//121
f 1658//164 1660//164 963//164
f 963//164 1660//164 460//164
f 962//743 527//743 1662//743
f 1662//743 527//743 1663//743
f 969//717 962//717 1664//717
f 1664//717 962//717 1662//717
f 1665//21 1666//21 1667//21
f 1667//21 1666//21 1668//21
f 1666//138 1665//138 533//138
f 533//138 1665//138 701//138
f 1668//198 1666//198 698//198
f 698//198 1666//198 533//198
f 1667//164 1668//164 699//164
f 699//164 1668//164 698//164
f 1665//199 1667//199 701//199
f 701//199 1667//199 699//199
f 700//650 697//650 1669//650
f 1669//650 697//650 1670//650
f 1671//744 1672//744 444//744
f 444//744 1672//744 458//744
f 1673//192 1090//192 1674//192
f 1674//192 1090//192 1091//192
f 1674//651 1091//651 1675//651
f 1675//651 1091//651 1092//651
f 1675//652 1092//652 1676//652
f 1676//652 1092//652 1093//652
f 1676//653 1093//653 1677//653
f 1677//653 1093//653 1094//653
f 1677//654 1094//654 1678//654
f 1678//654 1094//654 1095//654
f 1678//655 1095//655 1679//655
f 1679//655 1095//655 1096//655
f 1679//656 1096//656 1680//656
f 1680//656 1096//656 1097//656
f 1680//657 1097//657 1681//657
f 1681//657 1097//657 1098//657
f 1681//658 1098//658 1682//658
f 1682//658 1098//658 995//658
f 1682//659 995//659 1683//659
f 1683//659 995//659 994//659
f 1683//660 994//660 1684//660
f 1684//660 994//660 993//660
f 1684//661 993//661 1685//661
f 1685//661 993//661 991//661
f 1685//662 991//662 1686//662
f 1686//662 991//662 989//662
f 1686//178 989//178 1687//178
f 1687//178 989//178 987//178
f 1687//179 987//179 1688//179
f 1688//179 987//179 985//179
f 1688//180 985//180 1689//180
f 1689//180 985//180 983//180
f 1689//181 983//181 1690//181
f 1690//181 983//181 981//181
f 1690//182 981//182 1691//182
f 1691//182 981//182 979//182
f 1691//183 979//183 1692//183
f 1692//183 979//183 1103//183
f 1692//187 1103//187 1693//187
f 1693//187 1103//187 1102//187
f 1693//188 1102//188 1694//188
f 1694//188 1102//188 1101//188
f 1694//189 1101//189 1695//189
f 1695//189 1101//189 1100//189
f 1695//190 1100//190 1696//190
f 1696//190 1100//190 1099//190
f 1696//191 1099//191 1673//191
f 1673//191 1099//191 1090//191
f 1697//192 986//192 1698//192
f 1698//192 986//192 988//192
f 1698//651 988//651 1699//651
f 1699//651 988//651 990//651
f 1699//652 990//652 1700//652
f 1700//652 990//652 992//652
f 1700//653 992//653 1701//653
f 1701//653 992//653 1089//653
f 1701//654 1089//654 1702//654
f 1702//654 1089//654 1088//654
f 1702//655 1088//655 1703//655
f 1703//655 1088//655 1087//655
f 1703//656 1087//656 1704//656
f 1704//656 1087//656 1086//656
f 1704//657 1086//657 1705//657
f 1705//657 1086//657 1085//657
f 1705//658 1085//658 1706//658
f 1706//658 1085//658 1084//658
f 1706//659 1084//659 1707//659
f 1707//659 1084//659 971//659
f 1707//660 971//660 1708//660
f 1708//660 971//660 970//660
f 1708//661 970//661 1709//661
f 1709//661 970//661 975//661
f 1709//662 975//662 1710//662
f 1710//662 975//662 974//662
f 1710//178 974//178 1711//178
f 1711//178 974//178 973//178
f 1711//179 973//179 1712//179
f 1712//179 973//179 1083//179
f 1712//180 1083//180 1713//180
f 1713//180 1083//180 1082//180
f 1713//181 1082//181 1714//181
f 1714//181 1082//181 1081//181
f 1714//182 1081//182 1715//182
f 1715//182 1081//182 1080//182
f 1715//183 1080//183 1716//183
f 1716//183 1080//183 977//183
f 1716//187 977//187 1717//187
f 1717//187 977//187 978//187
f 1717//188 978//188 1718//188
f 1718//188 978//188 980//188
f 1718//189 980//189 1719//189
f 1719//189 980//189 982//189
f 1719//190 982//190 1720//190
f 1720//190 982//190 984//190
f 1720//191 984//191 1697//191
f 1697//191 984//191 986//191
f 526//745 493//745 1328//745
f 1328//746 493//746 1645//746
f 1328//747 1645//747 1460//747
f 1347//748 1721//748 1346//748
f 1346//748 1721//748 1722//748
f 276//749 438//749 256//749
f 256//750 438//750 1275//750
f 256//751 1275//751 1256//751
f 1256//752 1275//752 1255//752
f 1255//164 1275//164 421//164
f 421//753 1275//753 1723//753
f 421//754 1723//754 382//754
f 438//755 526//755 1275//755
f 1275//756 526//756 1272//756
f 1272//757 526//757 1328//757
f 1272//758 1328//758 1330//758
f 1272//759 1330//759 1270//759
f 1270//760 1330//760 1648//760
f 1270//761 1648//761 1279//761
f 1279//762 1648//762 254//762
f 1279//763 254//763 256//763
f 381//764 256//764 382//764
f 382//765 256//765 420//765
f 382//754 420//754 421//754
f 256//766 381//766 1279//766
f 1279//767 381//767 1724//767
f 1279//164 1724//164 1723//164
f 1256//768 420//768 256//768
f 1275//769 1279//769 1723//769
f 1725//656 1039//656 1726//656
f 1726//656 1039//656 767//656
f 1726//657 767//657 1727//657
f 1727//657 767//657 766//657
f 1727//658 766//658 1728//658
f 1728//658 766//658 765//658
f 1728//659 765//659 1729//659
f 1729//659 765//659 1079//659
f 1729//660 1079//660 1730//660
f 1730//660 1079//660 1078//660
f 1730//661 1078//661 1731//661
f 1731//661 1078//661 1077//661
f 1731//662 1077//662 1732//662
f 1732//662 1077//662 1076//662
f 1732//178 1076//178 1733//178
f 1733//178 1076//178 1075//178
f 1733//179 1075//179 1734//179
f 1734//179 1075//179 1074//179
f 1734//180 1074//180 1735//180
f 1735//180 1074//180 1059//180
f 1735//181 1059//181 1736//181
f 1736//181 1059//181 1057//181
f 1736//182 1057//182 1737//182
f 1737//182 1057//182 1055//182
f 1737//183 1055//183 1738//183
f 1738//183 1055//183 1054//183
f 1738//187 1054//187 1739//187
f 1739//187 1054//187 1052//187
f 1739//188 1052//188 1740//188
f 1740//188 1052//188 1050//188
f 1740//189 1050//189 1741//189
f 1741//189 1050//189 1048//189
f 1741//190 1048//190 1742//190
f 1742//190 1048//190 1042//190
f 1742//191 1042//191 1743//191
f 1743//191 1042//191 1038//191
f 1743//192 1038//192 1744//192
f 1744//192 1038//192 1037//192
f 1744//651 1037//651 1745//651
f 1745//651 1037//651 1041//651
f 1745//652 1041//652 1746//652
f 1746//652 1041//652 1040//652
f 1746//653 1040//653 1747//653
f 1747//653 1040//653 703//653
f 1747//654 703//654 1748//654
f 1748//654 703//654 702//654
f 1748//655 702//655 1725//655
f 1725//655 702//655 1039//655
f 1749//656 1051//656 1750//656
f 1750//656 1051//656 1053//656
f 1750//657 1053//657 1751//657
f 1751//657 1053//657 1056//657
f 1751//658 1056//658 1752//658
f 1752//658 1056//658 1058//658
f 1752//659 1058//659 1753//659
f 1753//659 1058//659 1060//659
f 1753//660 1060//660 1754//660
f 1754//660 1060//660 1061//660
f 1754//661 1061//661 1755//661
f 1755//661 1061//661 1062//661
f 1755//662 1062//662 1756//662
f 1756//662 1062//662 1063//662
f 1756//178 1063//178 1757//178
f 1757//178 1063//178 1064//178
f 1757//179 1064//179 1758//179
f 1758//179 1064//179 1065//179
f 1758//180 1065//180 1759//180
f 1759//180 1065//180 1066//180
f 1759//181 1066//181 1760//181
f 1760//181 1066//181 1067//181
f 1760//182 1067//182 1761//182
f 1761//182 1067//182 1068//182
f 1761//183 1068//183 1762//183
f 1762//183 1068//183 1069//183
f 1762//187 1069//187 1763//187
f 1763//187 1069//187 1070//187
f 1763//188 1070//188 1764//188
f 1764//188 1070//188 1071//188
f 1764//189 1071//189 1765//189
f 1765//189 1071//189 1072//189
f 1765//190 1072//190 1766//190
f 1766//190 1072//190 1073//190
f 1766//191 1073//191 1767//191
f 1767//191 1073//191 1046//191
f 1767//192 1046//192 1768//192
f 1768//192 1046//192 1045//192
f 1768//651 1045//651 1769//651
f 1769//651 1045//651 1044//651
f 1769//652 1044//652 1770//652
f 1770//652 1044//652 1043//652
f 1770//653 1043//653 1771//653
f 1771//653 1043//653 1047//653
f 1771//654 1047//654 1772//654
f 1772//654 1047//654 1049//654
f 1772//655 1049//655 1749//655
f 1749//655 1049//655 1051//655
f 444//770 446//770 1671//770
f 1671//770 446//770 1773//770
f 1774//771 1339//771 1775//771
f 1775//771 1339//771 1345//771
f 1776//772 1333//772 1269//772
f 1269//773 1333//773 1264//773
f 1453//774 1644//774 1455//774
f 1455//775 1644//775 1777//775
f 1455//775 1777//775 1778//775
f 1274//776 232//776 1277//776
f 1277//777 232//777 230//777
f 1277//778 230//778 1647//778
f 1267//779 1778//779 1274//779
f 1274//780 1778//780 1779//780
f 1274//138 1779//138 232//138
f 232//138 1779//138 271//138
f 1265//781 1780//781 1267//781
f 1267//782 1780//782 1455//782
f 1267//783 1455//783 1778//783
f 1780//783 1265//783 1647//783
f 1647//784 1265//784 1277//784
f 1347//138 1339//138 1721//138
f 1721//138 1339//138 1774//138
f 1336//139 1333//139 1639//139
f 1639//139 1333//139 1776//139
f 1669//785 1781//785 700//785
f 700//785 1781//785 445//785
f 697//649 445//649 1670//649
f 1670//649 445//649 1781//649
f 976//693 972//693 1782//693
f 1782//693 972//693 1783//693
f 1664//786 1783//786 969//786
f 969//786 1783//786 972//786
f 1784//662 1030//662 1785//662
f 1785//662 1030//662 1029//662
f 1785//178 1029//178 1786//178
f 1786//178 1029//178 1028//178
f 1786//179 1028//179 1787//179
f 1787//179 1028//179 1036//179
f 1787//180 1036//180 1788//180
f 1788//180 1036//180 1035//180
f 1788//181 1035//181 1789//181
f 1789//181 1035//181 1034//181
f 1789//182 1034//182 1790//182
f 1790//182 1034//182 1033//182
f 1790//183 1033//183 1791//183
f 1791//183 1033//183 1011//183
f 1791//187 1011//187 1792//187
f 1792//187 1011//187 1009//187
f 1792//188 1009//188 1793//188
f 1793//188 1009//188 1007//188
f 1793//189 1007//189 1794//189
f 1794//189 1007//189 1005//189
f 1794//190 1005//190 1795//190
f 1795//190 1005//190 1003//190
f 1795//191 1003//191 1796//191
f 1796//191 1003//191 1001//191
f 1796//192 1001//192 1797//192
f 1797//192 1001//192 999//192
f 1797//651 999//651 1798//651
f 1798//651 999//651 997//651
f 1798//652 997//652 1799//652
f 1799//652 997//652 1012//652
f 1799//653 1012//653 1800//653
f 1800//653 1012//653 1014//653
f 1800//654 1014//654 1801//654
f 1801//654 1014//654 1016//654
f 1801//655 1016//655 1802//655
f 1802//655 1016//655 1018//655
f 1802//656 1018//656 1803//656
f 1803//656 1018//656 1020//656
f 1803//657 1020//657 1804//657
f 1804//657 1020//657 1032//657
f 1804//658 1032//658 1805//658
f 1805//658 1032//658 1031//658
f 1805//659 1031//659 1806//659
f 1806//659 1031//659 959//659
f 1806//660 959//660 1807//660
f 1807//660 959//660 958//660
f 1807//661 958//661 1784//661
f 1784//661 958//661 1030//661
f 1808//662 996//662 1809//662
f 1809//662 996//662 998//662
f 1809//178 998//178 1810//178
f 1810//178 998//178 1000//178
f 1810//179 1000//179 1811//179
f 1811//179 1000//179 1002//179
f 1811//180 1002//180 1812//180
f 1812//180 1002//180 1004//180
f 1812//181 1004//181 1813//181
f 1813//181 1004//181 1006//181
f 1813//182 1006//182 1814//182
f 1814//182 1006//182 1008//182
f 1814//183 1008//183 1815//183
f 1815//183 1008//183 1010//183
f 1815//187 1010//187 1816//187
f 1816//187 1010//187 1027//187
f 1816//188 1027//188 1817//188
f 1817//188 1027//188 1026//188
f 1817//189 1026//189 1818//189
f 1818//189 1026//189 1025//189
f 1818//190 1025//190 1819//190
f 1819//190 1025//190 1024//190
f 1819//191 1024//191 1820//191
f 1820//191 1024//191 1023//191
f 1820//192 1023//192 1821//192
f 1821//192 1023//192 1022//192
f 1821//651 1022//651 1822//651
f 1822//651 1022//651 1021//651
f 1822//652 1021//652 1823//652
f 1823//652 1021//652 964//652
f 1823//653 964//653 1824//653
f 1824//653 964//653 965//653
f 1824//654 965//654 1825//654
f 1825//654 965//654 966//654
f 1825//655 966//655 1826//655
f 1826//655 966//655 967//655
f 1826//656 967//656 1827//656
f 1827//656 967//656 459//656
f 1827//657 459//657 1828//657
f 1828//657 459//657 1019//657
f 1828//658 1019//658 1829//658
f 1829//658 1019//658 1017//658
f 1829//659 1017//659 1830//659
f 1830//659 1017//659 1015//659
f 1830//660 1015//660 1831//660
f 1831//660 1015//660 1013//660
f 1831//661 1013//661 1808//661
f 1808//661 1013//661 996//661
f 527//718 976//718 1663//718
f 1663//718 976//718 1782//718
f 530//787 528//787 1832//787
f 1832//787 528//787 1657//787
f 1833//21 1834//21 1835//21
f 1835//21 1834//21 1836//21
f 1834//138 1833//138 904//138
f 904//138 1833//138 894//138
f 1836//121 1834//121 906//121
f 906//121 1834//121 904//121
f 1835//164 1836//164 895//164
f 895//164 1836//164 906//164
f 1833//139 1835//139 894//139
f 894//139 1835//139 895//139
f 1837//662 1178//662 1838//662
f 1838//662 1178//662 1134//662
f 1838//178 1134//178 1839//178
f 1839//178 1134//178 1135//178
f 1839//179 1135//179 1840//179
f 1840//179 1135//179 1136//179
f 1840//180 1136//180 1841//180
f 1841//180 1136//180 1137//180
f 1841//181 1137//181 1842//181
f 1842//181 1137//181 1138//181
f 1842//182 1138//182 1843//182
f 1843//182 1138//182 1139//182
f 1843//183 1139//183 1844//183
f 1844//183 1139//183 1140//183
f 1844//187 1140//187 1845//187
f 1845//187 1140//187 1141//187
f 1845//188 1141//188 1846//188
f 1846//188 1141//188 1143//188
f 1846//189 1143//189 1847//189
f 1847//189 1143//189 1145//189
f 1847//190 1145//190 1848//190
f 1848//190 1145//190 1147//190
f 1848//191 1147//191 1849//191
f 1849//191 1147//191 1149//191
f 1849//192 1149//192 1850//192
f 1850//192 1149//192 1151//192
f 1850//651 1151//651 1851//651
f 1851//651 1151//651 1153//651
f 1851//652 1153//652 1852//652
f 1852//652 1153//652 1155//652
f 1852//653 1155//653 1853//653
f 1853//653 1155//653 1186//653
f 1853//654 1186//654 1854//654
f 1854//654 1186//654 1185//654
f 1854//655 1185//655 1855//655
f 1855//655 1185//655 1184//655
f 1855//656 1184//656 1856//656
f 1856//656 1184//656 1183//656
f 1856//657 1183//657 1857//657
f 1857//657 1183//657 1182//657
f 1857//658 1182//658 1858//658
f 1858//658 1182//658 1181//658
f 1858//659 1181//659 1859//659
f 1859//659 1181//659 1180//659
f 1859//660 1180//660 1860//660
f 1860//660 1180//660 1179//660
f 1860//661 1179//661 1837//661
f 1837//661 1179//661 1178//661
f 1861//662 1154//662 1862//662
f 1862//662 1154//662 1152//662
f 1862//178 1152//178 1863//178
f 1863//178 1152//178 1150//178
f 1863//179 1150//179 1864//179
f 1864//179 1150//179 1148//179
f 1864//180 1148//180 1865//180
f 1865//180 1148//180 1146//180
f 1865//181 1146//181 1866//181
f 1866//181 1146//181 1144//181
f 1866//182 1144//182 1867//182
f 1867//182 1144//182 1142//182
f 1867//183 1142//183 1868//183
f 1868//183 1142//183 1177//183
f 1868//187 1177//187 1869//187
f 1869//187 1177//187 1176//187
f 1869//188 1176//188 1870//188
f 1870//188 1176//188 1175//188
f 1870//189 1175//189 1871//189
f 1871//189 1175//189 1174//189
f 1871//190 1174//190 1872//190
f 1872//190 1174//190 1173//190
f 1872//191 1173//191 1873//191
f 1873//191 1173//191 1172//191
f 1873//192 1172//192 1874//192
f 1874//192 1172//192 1171//192
f 1874//651 1171//651 1875//651
f 1875//651 1171//651 1170//651
f 1875//652 1170//652 1876//652
f 1876//652 1170//652 1169//652
f 1876//653 1169//653 1877//653
f 1877//653 1169//653 1168//653
f 1877//654 1168//654 1878//654
f 1878//654 1168//654 1167//654
f 1878//655 1167//655 1879//655
f 1879//655 1167//655 961//655
f 1879//656 961//656 1880//656
f 1880//656 961//656 960//656
f 1880//657 960//657 1881//657
f 1881//657 960//657 1166//657
f 1881//658 1166//658 1882//658
f 1882//658 1166//658 1158//658
f 1882//659 1158//659 1883//659
f 1883//659 1158//659 1157//659
f 1883//660 1157//660 1884//660
f 1884//660 1157//660 1156//660
f 1884//661 1156//661 1861//661
f 1861//661 1156//661 1154//661
f 493//138 1885//138 1645//138
f 1645//788 1885//788 1886//788
f 1645//789 1886//789 1887//789
f 1885//790 493//790 1888//790
f 1888//791 493//791 475//791
f 1888//792 475//792 1889//792
f 1889//793 475//793 1890//793
f 1890//794 475//794 1891//794
f 1890//795 1891//795 1892//795
f 475//138 1643//138 1891//138
f 1891//138 1643//138 1893//138
f 1893//796 1643//796 1887//796
f 1893//797 1887//797 1894//797
f 1894//138 1887//138 1892//138
f 1892//798 1887//798 1888//798
f 1892//799 1888//799 1895//799
f 1895//138 1888//138 1896//138
f 1896//800 1888//800 1889//800
f 1643//801 1645//801 1887//801
f 1895//795 1890//795 1892//795
f 1897//656 1106//656 1898//656
f 1898//656 1106//656 1105//656
f 1898//657 1105//657 1899//657
f 1899//657 1105//657 1104//657
f 1899//658 1104//658 1900//658
f 1900//658 1104//658 896//658
f 1900//659 896//659 1901//659
f 1901//659 896//659 897//659
f 1901//660 897//660 1902//660
f 1902//660 897//660 898//660
f 1902//661 898//661 1903//661
f 1903//661 898//661 899//661
f 1903//662 899//662 1904//662
f 1904//662 899//662 900//662
f 1904//178 900//178 1905//178
f 1905//178 900//178 901//178
f 1905//179 901//179 1906//179
f 1906//179 901//179 1126//179
f 1906//180 1126//180 1907//180
f 1907//180 1126//180 1124//180
f 1907//181 1124//181 1908//181
f 1908//181 1124//181 1122//181
f 1908//182 1122//182 1909//182
f 1909//182 1122//182 1120//182
f 1909//183 1120//183 1910//183
f 1910//183 1120//183 1119//183
f 1910//187 1119//187 1911//187
f 1911//187 1119//187 1117//187
f 1911//188 1117//188 1912//188
f 1912//188 1117//188 1115//188
f 1912//189 1115//189 1913//189
f 1913//189 1115//189 1111//189
f 1913//190 1111//190 1914//190
f 1914//190 1111//190 1110//190
f 1914//191 1110//191 1915//191
f 1915//191 1110//191 1109//191
f 1915//192 1109//192 1916//192
f 1916//192 1109//192 1108//192
f 1916//651 1108//651 1917//651
f 1917//651 1108//651 1107//651
f 1917//652 1107//652 1918//652
f 1918//652 1107//652 892//652
f 1918//653 892//653 1919//653
f 1919//653 892//653 891//653
f 1919//654 891//654 1920//654
f 1920//654 891//654 890//654
f 1920//655 890//655 1897//655
f 1897//655 890//655 1106//655
f 1921//656 1116//656 1922//656
f 1922//656 1116//656 1118//656
f 1922//657 1118//657 1923//657
f 1923//657 1118//657 1121//657
f 1923//658 1121//658 1924//658
f 1924//658 1121//658 1123//658
f 1924//659 1123//659 1925//659
f 1925//659 1123//659 1125//659
f 1925//660 1125//660 1926//660
f 1926//660 1125//660 903//660
f 1926//661 903//661 1927//661
f 1927//661 903//661 902//661
f 1927//662 902//662 1928//662
f 1928//662 902//662 1165//662
f 1928//178 1165//178 1929//178
f 1929//178 1165//178 1164//178
f 1929//179 1164//179 1930//179
f 1930//179 1164//179 1163//179
f 1930//180 1163//180 1931//180
f 1931//180 1163//180 1162//180
f 1931//181 1162//181 1932//181
f 1932//181 1162//181 1161//181
f 1932//182 1161//182 1933//182
f 1933//182 1161//182 1160//182
f 1933//183 1160//183 1934//183
f 1934//183 1160//183 1159//183
f 1934//187 1159//187 1935//187
f 1935//187 1159//187 1133//187
f 1935//188 1133//188 1936//188
f 1936//188 1133//188 1132//188
f 1936//189 1132//189 1937//189
f 1937//189 1132//189 1131//189
f 1937//190 1131//190 1938//190
f 1938//190 1131//190 1130//190
f 1938//191 1130//191 1939//191
f 1939//191 1130//191 1129//191
f 1939//192 1129//192 1940//192
f 1940//192 1129//192 1128//192
f 1940//651 1128//651 1941//651
f 1941//651 1128//651 1127//651
f 1941//652 1127//652 1942//652
f 1942//652 1127//652 1113//652
f 1942//653 1113//653 1943//653
f 1943//653 1113//653 1112//653
f 1943//654 1112//654 1944//654
f 1944//654 1112//654 1114//654
f 1944//655 1114//655 1921//655
f 1921//655 1114//655 1116//655
f 1672//802 1945//802 458//802
f 458//802 1945//802 462//802
f 1946//803 1343//803 1947//803
f 1947//804 1343//804 1348//804
f 1349//805 1948//805 1351//805
f 1351//806 1948//806 1949//806
f 1950//807 1951//807 1644//807
f 1644//808 1951//808 1952//808
f 1644//164 1952//164 1777//164
f 1777//809 1952//809 1953//809
f 1777//810 1953//810 1954//810
f 1954//811 1953//811 1642//811
f 1642//812 1953//812 1950//812
f 1642//813 1950//813 1644//813
f 1722//164 1775//164 1346//164
f 1346//164 1775//164 1345//164
f 1946//139 1948//139 1343//139
f 1343//139 1948//139 1349//139
f 466//814 1955//814 465//814
f 465//815 1955//815 1956//815
f 1956//816 1955//816 1957//816
f 529//718 530//718 1656//718
f 1656//718 530//718 1832//718
f 1958//706 1959//706 893//706
f 893//706 1959//706 905//706
f 1960//694 1958//694 889//694
f 889//694 1958//694 893//694
f 1961//817 1962//817 1956//817
f 1956//817 1962//817 465//817
f 465//818 1962//818 889//818
f 889//819 1962//819 1960//819
f 1963//1 1964//1 1965//1
f 1965//1 1964//1 1966//1
f 1966//1 1964//1 1967//1
f 1967//1 1964//1 1968//1
f 1955//820 1962//820 1957//820
f 1957//648 1962//648 1961//648
f 1957//821 1961//821 1964//821
f 1964//648 1961//648 1968//648
f 1969//197 1970//197 1966//197
f 1966//822 1970//822 1965//822
f 1971//823 1969//823 1967//823
f 1967//823 1969//823 1966//823
f 1961//139 1971//139 1968//139
f 1968//139 1971//139 1967//139
f 1972//21 1959//21 1955//21
f 1955//21 1959//21 1958//21
f 1955//21 1958//21 1960//21
f 1960//21 1962//21 1955//21
f 1973//649 1957//649 1963//649
f 1963//824 1957//824 1964//824
f 1970//825 1973//825 1965//825
f 1965//121 1973//121 1963//121
f 435//1 1403//1 425//1
f 425//1 1403//1 1380//1
f 425//1 1380//1 1381//1
f 424//1 1214//1 435//1
f 435//1 1214//1 1215//1
f 435//1 1215//1 1239//1
f 1239//1 1215//1 1238//1
f 1238//1 1215//1 1216//1
f 1238//1 1216//1 1237//1
f 1237//1 1216//1 1217//1
f 1237//1 1217//1 1236//1
f 1236//1 1217//1 1218//1
f 1236//1 1218//1 1235//1
f 1235//1 1218//1 1219//1
f 1235//1 1219//1 1234//1
f 1234//1 1219//1 1196//1
f 1234//1 1196//1 1233//1
f 1233//1 1196//1 1197//1
f 1233//1 1197//1 1198//1
f 425//1 1385//1 424//1
f 424//1 1385//1 1386//1
f 424//1 1386//1 1204//1
f 1204//1 1386//1 1203//1
f 1203//1 1386//1 1387//1
f 1203//1 1387//1 1779//1
f 1779//1 1387//1 1388//1
f 1779//1 1388//1 1362//1
f 1362//1 1388//1 1361//1
f 1361//1 1388//1 1389//1
f 1361//1 1389//1 1390//1
f 1194//826 1327//826 1188//826
f 1188//827 1327//827 1304//827
f 1188//828 1304//828 1305//828
f 1195//829 1189//829 1194//829
f 1194//830 1189//830 1779//830
f 1194//831 1779//831 1778//831
f 1187//1 1241//1 1189//1
f 1189//1 1241//1 1242//1
f 1189//1 1242//1 1243//1
f 1188//832 1309//832 1187//832
f 1187//833 1309//833 1310//833
f 1187//834 1310//834 1240//834
f 1240//835 1310//835 1239//835
f 1239//836 1310//836 1311//836
f 1239//837 1311//837 1781//837
f 1781//838 1311//838 1287//838
f 1781//839 1287//839 1288//839
f 1773//1 1781//1 1671//1
f 1671//1 1781//1 1732//1
f 1671//1 1732//1 1733//1
f 1974//1 1354//1 1773//1
f 1773//1 1354//1 1423//1
f 1773//1 1423//1 1424//1
f 1975//1 1976//1 1974//1
f 1974//1 1976//1 1977//1
f 1974//1 1977//1 1978//1
f 1779//1 1411//1 1975//1
f 1975//1 1411//1 1352//1
f 1975//1 1352//1 1979//1
f 1979//1 1352//1 1353//1
f 1777//1 1663//1 1778//1
f 1778//1 1663//1 1783//1
f 1778//1 1783//1 1716//1
f 1716//1 1783//1 1715//1
f 1715//1 1783//1 1714//1
f 1714//1 1783//1 1713//1
f 1713//1 1783//1 1712//1
f 1712//1 1783//1 1711//1
f 1711//1 1783//1 1664//1
f 1711//1 1664//1 1710//1
f 1710//1 1664//1 1709//1
f 1709//1 1664//1 1708//1
f 1708//1 1664//1 1707//1
f 1707//1 1664//1 1706//1
f 1706//1 1664//1 1662//1
f 1706//1 1662//1 1705//1
f 1705//1 1662//1 1826//1
f 1705//1 1826//1 1704//1
f 1704//1 1826//1 1827//1
f 1704//1 1827//1 1671//1
f 1671//1 1827//1 1803//1
f 1671//1 1803//1 1672//1
f 1672//1 1803//1 1880//1
f 1672//1 1880//1 1881//1
f 1954//840 1980//840 1777//840
f 1777//841 1980//841 1970//841
f 1777//1 1970//1 1971//1
f 1971//1 1970//1 1969//1
f 1981//1 1610//1 1954//1
f 1954//1 1610//1 1611//1
f 1954//1 1611//1 1633//1
f 1633//1 1611//1 1632//1
f 1632//1 1611//1 1612//1
f 1632//1 1612//1 1631//1
f 1631//1 1612//1 1613//1
f 1631//1 1613//1 1630//1
f 1630//1 1613//1 1614//1
f 1630//1 1614//1 1629//1
f 1629//1 1614//1 1591//1
f 1629//1 1591//1 1628//1
f 1628//1 1591//1 1592//1
f 1628//1 1592//1 1627//1
f 1627//1 1592//1 1593//1
f 1627//1 1593//1 1626//1
f 1626//1 1593//1 1594//1
f 1626//1 1594//1 1945//1
f 1945//1 1594//1 1595//1
f 1945//1 1595//1 1596//1
f 1982//1 1983//1 1981//1
f 1981//1 1983//1 1984//1
f 1981//1 1984//1 1985//1
f 1945//1 1535//1 1982//1
f 1982//1 1535//1 1986//1
f 1982//1 1986//1 1987//1
f 1987//1 1986//1 1988//1
f 1988//1 1986//1 1989//1
f 1989//1 1986//1 1990//1
f 1990//1 1986//1 1991//1
f 1991//1 1986//1 1992//1
f 1991//1 1992//1 1993//1
f 1993//1 1992//1 1994//1
f 1994//1 1992//1 1995//1
f 1995//1 1992//1 1981//1
f 1995//1 1981//1 1996//1
f 1996//1 1981//1 1997//1
f 1997//1 1981//1 1998//1
f 1998//1 1981//1 1999//1
f 1999//1 1981//1 2000//1
f 2000//1 1981//1 1985//1
f 1672//842 2001//842 1945//842
f 1945//843 2001//843 1466//843
f 1945//1 1466//1 1469//1
f 1469//1 1466//1 1478//1
f 1469//1 1478//1 1479//1
f 1355//1 1354//1 2002//1
f 2002//1 1354//1 1974//1
f 2002//1 1974//1 2003//1
f 2003//1 1974//1 2004//1
f 2004//1 1974//1 2005//1
f 2005//1 1974//1 2006//1
f 2006//1 1974//1 2007//1
f 2007//1 1974//1 2008//1
f 2008//1 1974//1 2009//1
f 2009//1 1974//1 1978//1
f 1352//1 1417//1 1354//1
f 1354//1 1417//1 1418//1
f 1354//1 1418//1 1419//1
f 2002//1 2010//1 1979//1
f 1979//1 2010//1 2011//1
f 1979//1 2011//1 2012//1
f 2003//1 2013//1 2002//1
f 2002//1 2013//1 2014//1
f 2002//1 2014//1 2015//1
f 2015//1 2010//1 2002//1
f 2012//1 2016//1 1979//1
f 1979//1 2016//1 1975//1
f 2016//1 2017//1 1975//1
f 1975//1 2017//1 2018//1
f 1975//1 2018//1 2019//1
f 2019//1 2020//1 1975//1
f 1975//1 2020//1 2021//1
f 1975//1 2021//1 2022//1
f 2022//1 2023//1 1975//1
f 1975//1 2023//1 1976//1
f 1430//1 1369//1 1429//1
f 1429//1 1369//1 1370//1
f 1429//1 1370//1 1773//1
f 1773//1 1370//1 1371//1
f 1773//1 1371//1 1372//1
f 1431//1 1779//1 1430//1
f 1430//1 1779//1 1368//1
f 1430//1 1368//1 1369//1
f 1431//1 1432//1 1779//1
f 1779//1 1432//1 1433//1
f 1779//1 1433//1 1434//1
f 1434//1 1435//1 1779//1
f 1779//1 1435//1 1436//1
f 1779//1 1436//1 1410//1
f 1410//1 1436//1 1409//1
f 1409//1 1436//1 1437//1
f 1409//1 1437//1 1408//1
f 1408//1 1437//1 1438//1
f 1408//1 1438//1 1407//1
f 1407//1 1438//1 1439//1
f 1407//1 1439//1 1406//1
f 1406//1 1439//1 1440//1
f 1406//1 1440//1 1405//1
f 1405//1 1440//1 1441//1
f 1405//1 1441//1 1404//1
f 1404//1 1441//1 1442//1
f 1404//1 1442//1 1427//1
f 1427//1 1442//1 1443//1
f 1427//1 1443//1 1773//1
f 1773//1 1443//1 1444//1
f 1773//1 1444//1 1445//1
f 1445//1 1446//1 1773//1
f 1773//1 1446//1 1447//1
f 1773//1 1447//1 1448//1
f 1448//1 1449//1 1773//1
f 1773//1 1449//1 1450//1
f 1773//1 1450//1 1451//1
f 1451//1 1428//1 1773//1
f 1773//1 1428//1 1429//1
f 1410//1 1411//1 1779//1
f 1411//1 1412//1 1352//1
f 1352//1 1412//1 1413//1
f 1352//1 1413//1 1414//1
f 1414//1 1415//1 1352//1
f 1352//1 1415//1 1416//1
f 1352//1 1416//1 1417//1
f 1419//1 1420//1 1354//1
f 1354//1 1420//1 1421//1
f 1354//1 1421//1 1422//1
f 1422//1 1423//1 1354//1
f 1424//1 1425//1 1773//1
f 1773//1 1425//1 1426//1
f 1773//1 1426//1 1427//1
f 1381//1 1382//1 425//1
f 425//1 1382//1 1383//1
f 425//1 1383//1 1384//1
f 1384//1 1385//1 425//1
f 1361//1 1390//1 1360//1
f 1360//1 1390//1 1391//1
f 1360//1 1391//1 1359//1
f 1359//1 1391//1 1392//1
f 1359//1 1392//1 1358//1
f 1358//1 1392//1 1393//1
f 1358//1 1393//1 1357//1
f 1357//1 1393//1 1356//1
f 1356//1 1393//1 1394//1
f 1356//1 1394//1 1379//1
f 1379//1 1394//1 1395//1
f 1379//1 1395//1 1396//1
f 1397//1 1773//1 1396//1
f 1396//1 1773//1 1378//1
f 1396//1 1378//1 1379//1
f 1397//1 1398//1 1773//1
f 1773//1 1398//1 1399//1
f 1773//1 1399//1 435//1
f 435//1 1399//1 1400//1
f 435//1 1400//1 1401//1
f 1401//1 1402//1 435//1
f 435//1 1402//1 1403//1
f 1362//1 1363//1 1779//1
f 1779//1 1363//1 1364//1
f 1779//1 1364//1 1365//1
f 1365//1 1366//1 1779//1
f 1779//1 1366//1 1367//1
f 1779//1 1367//1 1368//1
f 1372//1 1373//1 1773//1
f 1773//1 1373//1 1374//1
f 1773//1 1374//1 1375//1
f 1375//1 1376//1 1773//1
f 1773//1 1376//1 1377//1
f 1773//1 1377//1 1378//1
f 1220//1 1221//1 1189//1
f 1189//1 1221//1 1222//1
f 1189//1 1222//1 1223//1
f 1223//1 1224//1 1189//1
f 1189//1 1224//1 1225//1
f 1189//1 1225//1 1226//1
f 1226//1 1227//1 1189//1
f 1189//1 1227//1 1203//1
f 1189//1 1203//1 1779//1
f 1227//1 1228//1 1203//1
f 1203//1 1228//1 1202//1
f 1202//1 1228//1 1229//1
f 1202//1 1229//1 1201//1
f 1201//1 1229//1 1230//1
f 1201//1 1230//1 1200//1
f 1200//1 1230//1 1231//1
f 1200//1 1231//1 1199//1
f 1199//1 1231//1 1232//1
f 1199//1 1232//1 1198//1
f 1198//1 1232//1 1233//1
f 1240//1 1241//1 1187//1
f 1243//1 1220//1 1189//1
f 1204//1 1205//1 424//1
f 424//1 1205//1 1206//1
f 424//1 1206//1 1207//1
f 1207//1 1208//1 424//1
f 424//1 1208//1 1209//1
f 424//1 1209//1 1210//1
f 1210//1 1211//1 424//1
f 424//1 1211//1 1212//1
f 424//1 1212//1 1213//1
f 1213//1 1214//1 424//1
f 1781//844 1288//844 1670//844
f 1670//845 1288//845 1289//845
f 1670//846 1289//846 1290//846
f 1669//1 1728//1 1781//1
f 1781//1 1728//1 1729//1
f 1781//1 1729//1 1730//1
f 1670//1 1746//1 1669//1
f 1669//1 1746//1 1747//1
f 1669//1 1747//1 1748//1
f 1282//1 1316//1 1281//1
f 1281//1 1316//1 1317//1
f 1281//1 1317//1 1318//1
f 1316//1 1282//1 1315//1
f 1315//1 1282//1 1283//1
f 1315//1 1283//1 1314//1
f 1314//1 1283//1 1284//1
f 1314//1 1284//1 1313//1
f 1313//1 1284//1 1285//1
f 1313//1 1285//1 1312//1
f 1312//1 1285//1 1286//1
f 1312//1 1286//1 1311//1
f 1311//1 1286//1 1287//1
f 1290//847 1291//847 1670//847
f 1670//848 1291//848 1292//848
f 1670//849 1292//849 1293//849
f 1293//850 1294//850 1670//850
f 1670//851 1294//851 1295//851
f 1670//852 1295//852 1296//852
f 1296//853 1297//853 1670//853
f 1670//854 1297//854 1298//854
f 1670//855 1298//855 1745//855
f 1745//856 1298//856 1299//856
f 1745//857 1299//857 1744//857
f 1744//858 1299//858 1778//858
f 1744//1 1778//1 1743//1
f 1743//1 1778//1 1769//1
f 1743//1 1769//1 1770//1
f 1300//1 1323//1 1299//1
f 1299//859 1323//859 1194//859
f 1299//860 1194//860 1778//860
f 1323//1 1300//1 1322//1
f 1322//1 1300//1 1301//1
f 1322//1 1301//1 1321//1
f 1321//1 1301//1 1302//1
f 1321//1 1302//1 1320//1
f 1320//1 1302//1 1303//1
f 1320//1 1303//1 1319//1
f 1319//1 1303//1 1280//1
f 1319//1 1280//1 1318//1
f 1318//1 1280//1 1281//1
f 1305//861 1306//861 1188//861
f 1188//862 1306//862 1307//862
f 1188//863 1307//863 1308//863
f 1308//864 1309//864 1188//864
f 1323//865 1324//865 1194//865
f 1194//866 1324//866 1325//866
f 1194//867 1325//867 1326//867
f 1326//868 1327//868 1194//868
f 1470//1 1538//1 1469//1
f 1469//1 1538//1 1945//1
f 1537//1 1568//1 1538//1
f 1538//1 1568//1 1569//1
f 1538//1 1569//1 1570//1
f 1467//1 1468//1 1537//1
f 1537//1 1468//1 1954//1
f 1537//1 1954//1 1586//1
f 1586//1 1954//1 1585//1
f 1585//1 1954//1 1563//1
f 1585//1 1563//1 1564//1
f 1469//1 1484//1 1468//1
f 1468//1 1484//1 1485//1
f 1468//1 1485//1 1486//1
f 1987//1 2024//1 1982//1
f 1982//1 2024//1 2025//1
f 1982//1 2025//1 2026//1
f 2026//1 2027//1 1982//1
f 1982//1 2027//1 2028//1
f 1982//1 2028//1 2029//1
f 2029//1 2030//1 1982//1
f 1982//1 2030//1 2031//1
f 1982//1 2031//1 1983//1
f 1617//1 1945//1 1616//1
f 1616//1 1945//1 1555//1
f 1616//1 1555//1 1556//1
f 1617//1 1618//1 1945//1
f 1945//1 1618//1 1619//1
f 1945//1 1619//1 1620//1
f 1620//1 1621//1 1945//1
f 1945//1 1621//1 1622//1
f 1945//1 1622//1 1623//1
f 1623//1 1624//1 1945//1
f 1945//1 1624//1 1625//1
f 1945//1 1625//1 1626//1
f 1633//1 1634//1 1954//1
f 1954//1 1634//1 1635//1
f 1954//1 1635//1 1636//1
f 1636//1 1637//1 1954//1
f 1954//1 1637//1 1638//1
f 1954//1 1638//1 1615//1
f 1616//1 1556//1 1615//1
f 1615//1 1556//1 1557//1
f 1615//1 1557//1 1954//1
f 1954//1 1557//1 1558//1
f 1954//1 1558//1 1559//1
f 1596//1 1597//1 1945//1
f 1945//1 1597//1 1598//1
f 1945//1 1598//1 1535//1
f 1535//1 1598//1 1599//1
f 1535//1 1599//1 1600//1
f 1600//1 1601//1 1535//1
f 1535//1 1601//1 1602//1
f 1535//1 1602//1 1603//1
f 1603//1 1604//1 1535//1
f 1535//1 1604//1 1534//1
f 1534//1 1604//1 1605//1
f 1534//1 1605//1 1606//1
f 1606//1 1607//1 1534//1
f 1534//1 1607//1 1608//1
f 1534//1 1608//1 1609//1
f 1609//1 1610//1 1534//1
f 1534//1 1610//1 1981//1
f 1534//1 1981//1 1992//1
f 1570//1 1571//1 1538//1
f 1538//1 1571//1 1572//1
f 1538//1 1572//1 1573//1
f 1573//1 1574//1 1538//1
f 1538//1 1574//1 1945//1
f 1574//1 1575//1 1945//1
f 1945//1 1575//1 1576//1
f 1945//1 1576//1 1577//1
f 1578//1 1546//1 1577//1
f 1577//1 1546//1 1547//1
f 1577//1 1547//1 1945//1
f 1945//1 1547//1 1548//1
f 1945//1 1548//1 1549//1
f 1578//1 1579//1 1546//1
f 1546//1 1579//1 1545//1
f 1545//1 1579//1 1580//1
f 1545//1 1580//1 1544//1
f 1544//1 1580//1 1543//1
f 1543//1 1580//1 1581//1
f 1543//1 1581//1 1566//1
f 1566//1 1581//1 1582//1
f 1566//1 1582//1 1565//1
f 1565//1 1582//1 1583//1
f 1565//1 1583//1 1564//1
f 1564//1 1583//1 1584//1
f 1564//1 1584//1 1585//1
f 1586//1 1587//1 1537//1
f 1537//1 1587//1 1588//1
f 1537//1 1588//1 1589//1
f 1589//1 1590//1 1537//1
f 1537//1 1590//1 1567//1
f 1537//1 1567//1 1568//1
f 1549//1 1550//1 1945//1
f 1945//1 1550//1 1551//1
f 1945//1 1551//1 1552//1
f 1552//1 1553//1 1945//1
f 1945//1 1553//1 1554//1
f 1945//1 1554//1 1555//1
f 1559//1 1560//1 1954//1
f 1954//1 1560//1 1561//1
f 1954//1 1561//1 1562//1
f 1562//1 1563//1 1954//1
f 1536//1 1986//1 1535//1
f 1992//1 1533//1 1534//1
f 1497//1 1466//1 1496//1
f 1496//1 1466//1 1463//1
f 1496//1 1463//1 1495//1
f 1495//1 1463//1 1518//1
f 1518//1 1463//1 1517//1
f 1517//1 1463//1 1516//1
f 1516//1 1463//1 1515//1
f 1515//1 1463//1 1514//1
f 1514//1 1463//1 1468//1
f 1514//1 1468//1 1490//1
f 1490//1 1468//1 1489//1
f 1489//1 1468//1 1488//1
f 1488//1 1468//1 1487//1
f 1487//1 1468//1 1486//1
f 1497//1 1498//1 1466//1
f 1466//1 1498//1 1499//1
f 1466//1 1499//1 1500//1
f 1500//1 1501//1 1466//1
f 1466//1 1501//1 1502//1
f 1466//1 1502//1 1478//1
f 1478//1 1502//1 1503//1
f 1478//1 1503//1 1477//1
f 1477//1 1503//1 1504//1
f 1477//1 1504//1 1476//1
f 1476//1 1504//1 1505//1
f 1476//1 1505//1 1475//1
f 1475//1 1505//1 1506//1
f 1475//1 1506//1 1474//1
f 1474//1 1506//1 1507//1
f 1474//1 1507//1 1473//1
f 1473//1 1507//1 1508//1
f 1473//1 1508//1 1472//1
f 1472//1 1508//1 1471//1
f 1471//1 1508//1 1509//1
f 1471//1 1509//1 1494//1
f 1494//1 1509//1 1510//1
f 1494//1 1510//1 1493//1
f 1493//1 1510//1 1511//1
f 1493//1 1511//1 1492//1
f 1492//1 1511//1 1512//1
f 1492//1 1512//1 1491//1
f 1491//1 1512//1 1513//1
f 1491//1 1513//1 1490//1
f 1490//1 1513//1 1514//1
f 1479//1 1480//1 1469//1
f 1469//1 1480//1 1481//1
f 1469//1 1481//1 1482//1
f 1482//1 1483//1 1469//1
f 1469//1 1483//1 1484//1
f 1961//1 1898//1 1971//1
f 1971//1 1898//1 1899//1
f 1971//1 1899//1 1900//1
f 1956//1 1920//1 1961//1
f 1961//1 1920//1 1897//1
f 1961//1 1897//1 1898//1
f 1957//869 1973//869 1956//869
f 1956//870 1973//870 1672//870
f 1956//1 1672//1 1916//1
f 1916//1 1672//1 1915//1
f 1915//1 1672//1 1914//1
f 1914//1 1672//1 1913//1
f 1913//1 1672//1 1943//1
f 1913//1 1943//1 1944//1
f 1970//871 2032//871 1973//871
f 1973//872 2032//872 2033//872
f 1973//873 2033//873 2034//873
f 2035//1 2036//1 2037//1
f 2037//1 2036//1 2038//1
f 2037//1 2038//1 2039//1
f 2036//1 2035//1 2040//1
f 2040//1 2035//1 2041//1
f 2040//1 2041//1 2042//1
f 2042//1 2041//1 2043//1
f 2042//1 2043//1 2044//1
f 2044//1 2043//1 2045//1
f 2044//1 2045//1 2046//1
f 2046//1 2045//1 2047//1
f 2046//1 2047//1 2048//1
f 2048//1 2047//1 2049//1
f 2048//874 2049//874 1980//874
f 1980//875 2049//875 1970//875
f 2049//876 2050//876 1970//876
f 1970//877 2050//877 2051//877
f 1970//878 2051//878 2052//878
f 2052//879 2053//879 1970//879
f 1970//880 2053//880 2054//880
f 1970//881 2054//881 2032//881
f 2034//882 2055//882 1973//882
f 1973//883 2055//883 2056//883
f 1973//884 2056//884 2057//884
f 2057//885 2058//885 1973//885
f 1973//886 2058//886 2001//886
f 1973//887 2001//887 1672//887
f 2001//888 2058//888 2059//888
f 2059//1 2058//1 2060//1
f 2059//1 2060//1 2061//1
f 2061//1 2060//1 2062//1
f 2061//1 2062//1 2063//1
f 2063//1 2062//1 2064//1
f 2063//1 2064//1 2065//1
f 2065//1 2064//1 2066//1
f 2065//1 2066//1 2067//1
f 2067//1 2066//1 2068//1
f 2067//1 2068//1 2039//1
f 2039//1 2068//1 2037//1
f 2069//889 1980//889 2070//889
f 2070//890 1980//890 2001//890
f 2070//891 2001//891 2071//891
f 2071//892 2001//892 2072//892
f 2072//893 2001//893 2073//893
f 2073//894 2001//894 2074//894
f 2074//895 2001//895 2075//895
f 2075//896 2001//896 2059//896
f 2069//897 2076//897 1980//897
f 1980//898 2076//898 2077//898
f 1980//899 2077//899 2078//899
f 2078//900 2079//900 1980//900
f 1980//901 2079//901 2048//901
f 1751//1 1737//1 1750//1
f 1750//1 1737//1 1738//1
f 1750//1 1738//1 1739//1
f 1737//1 1751//1 1736//1
f 1736//1 1751//1 1752//1
f 1736//1 1752//1 1735//1
f 1735//1 1752//1 1753//1
f 1735//1 1753//1 1671//1
f 1671//1 1753//1 1754//1
f 1671//1 1754//1 1755//1
f 1755//1 1756//1 1671//1
f 1671//1 1756//1 1757//1
f 1671//1 1757//1 1758//1
f 1758//1 1759//1 1671//1
f 1671//1 1759//1 1760//1
f 1671//1 1760//1 1761//1
f 1671//1 1761//1 1674//1
f 1674//1 1761//1 1762//1
f 1674//1 1762//1 1673//1
f 1673//1 1762//1 1763//1
f 1673//1 1763//1 1778//1
f 1778//1 1763//1 1764//1
f 1778//1 1764//1 1765//1
f 1765//1 1766//1 1778//1
f 1778//1 1766//1 1767//1
f 1778//1 1767//1 1768//1
f 1768//1 1769//1 1778//1
f 1743//1 1770//1 1742//1
f 1742//1 1770//1 1771//1
f 1742//1 1771//1 1741//1
f 1741//1 1771//1 1772//1
f 1741//1 1772//1 1740//1
f 1740//1 1772//1 1749//1
f 1740//1 1749//1 1739//1
f 1739//1 1749//1 1750//1
f 1725//1 1726//1 1669//1
f 1669//1 1726//1 1727//1
f 1669//1 1727//1 1728//1
f 1730//1 1731//1 1781//1
f 1781//1 1731//1 1732//1
f 1733//1 1734//1 1671//1
f 1671//1 1734//1 1735//1
f 1745//1 1746//1 1670//1
f 1748//1 1725//1 1669//1
f 1699//1 1685//1 1698//1
f 1698//1 1685//1 1686//1
f 1698//1 1686//1 1697//1
f 1697//1 1686//1 1687//1
f 1697//1 1687//1 1720//1
f 1720//1 1687//1 1688//1
f 1720//1 1688//1 1719//1
f 1719//1 1688//1 1689//1
f 1719//1 1689//1 1718//1
f 1718//1 1689//1 1690//1
f 1718//1 1690//1 1717//1
f 1717//1 1690//1 1691//1
f 1717//1 1691//1 1778//1
f 1778//1 1691//1 1692//1
f 1778//1 1692//1 1693//1
f 1685//1 1699//1 1684//1
f 1684//1 1699//1 1700//1
f 1684//1 1700//1 1671//1
f 1671//1 1700//1 1701//1
f 1671//1 1701//1 1702//1
f 1702//1 1703//1 1671//1
f 1671//1 1703//1 1704//1
f 1716//1 1717//1 1778//1
f 1674//1 1675//1 1671//1
f 1671//1 1675//1 1676//1
f 1671//1 1676//1 1677//1
f 1677//1 1678//1 1671//1
f 1671//1 1678//1 1679//1
f 1671//1 1679//1 1680//1
f 1680//1 1681//1 1671//1
f 1671//1 1681//1 1682//1
f 1671//1 1682//1 1683//1
f 1683//1 1684//1 1671//1
f 1693//1 1694//1 1778//1
f 1778//1 1694//1 1695//1
f 1778//1 1695//1 1696//1
f 1696//1 1673//1 1778//1
f 1663//1 1782//1 1783//1
f 1826//1 1662//1 1825//1
f 1825//1 1662//1 1663//1
f 1825//1 1663//1 1824//1
f 1824//1 1663//1 1823//1
f 1823//1 1663//1 1822//1
f 1822//1 1663//1 1821//1
f 1821//1 1663//1 1820//1
f 1820//1 1663//1 1819//1
f 1819//1 1663//1 1818//1
f 1818//1 1663//1 1817//1
f 1817//1 1663//1 1816//1
f 1816//1 1663//1 1815//1
f 1815//1 1663//1 1791//1
f 1815//1 1791//1 1814//1
f 1814//1 1791//1 1792//1
f 1814//1 1792//1 1813//1
f 1813//1 1792//1 1793//1
f 1813//1 1793//1 1812//1
f 1812//1 1793//1 1794//1
f 1812//1 1794//1 1811//1
f 1811//1 1794//1 1795//1
f 1811//1 1795//1 1810//1
f 1810//1 1795//1 1796//1
f 1810//1 1796//1 1809//1
f 1809//1 1796//1 1797//1
f 1809//1 1797//1 1808//1
f 1808//1 1797//1 1798//1
f 1808//1 1798//1 1831//1
f 1831//1 1798//1 1799//1
f 1831//1 1799//1 1830//1
f 1830//1 1799//1 1800//1
f 1830//1 1800//1 1829//1
f 1829//1 1800//1 1801//1
f 1829//1 1801//1 1828//1
f 1828//1 1801//1 1802//1
f 1828//1 1802//1 1827//1
f 1827//1 1802//1 1803//1
f 1784//1 1785//1 1657//1
f 1657//1 1785//1 1786//1
f 1657//1 1786//1 1787//1
f 1787//1 1788//1 1657//1
f 1657//1 1788//1 1789//1
f 1657//1 1789//1 1790//1
f 1790//1 1791//1 1657//1
f 1657//1 1791//1 1663//1
f 1657//1 1663//1 1777//1
f 1880//1 1803//1 1879//1
f 1879//1 1803//1 1804//1
f 1879//1 1804//1 1655//1
f 1655//1 1804//1 1805//1
f 1655//1 1805//1 1657//1
f 1657//1 1805//1 1806//1
f 1657//1 1806//1 1807//1
f 1807//1 1784//1 1657//1
f 1923//1 1909//1 1922//1
f 1922//1 1909//1 1910//1
f 1922//1 1910//1 1911//1
f 1909//1 1923//1 1908//1
f 1908//1 1923//1 1924//1
f 1908//1 1924//1 1907//1
f 1907//1 1924//1 1925//1
f 1907//1 1925//1 1906//1
f 1906//1 1925//1 1926//1
f 1906//1 1926//1 1905//1
f 1905//1 1926//1 1927//1
f 1905//1 1927//1 1777//1
f 1777//1 1927//1 1928//1
f 1777//1 1928//1 1929//1
f 1929//1 1930//1 1777//1
f 1777//1 1930//1 1931//1
f 1777//1 1931//1 1932//1
f 1932//1 1933//1 1777//1
f 1777//1 1933//1 1839//1
f 1777//1 1839//1 1840//1
f 1933//1 1934//1 1839//1
f 1839//1 1934//1 1838//1
f 1838//1 1934//1 1935//1
f 1838//1 1935//1 1672//1
f 1672//1 1935//1 1936//1
f 1672//1 1936//1 1937//1
f 1937//1 1938//1 1672//1
f 1672//1 1938//1 1939//1
f 1672//1 1939//1 1940//1
f 1940//1 1941//1 1672//1
f 1672//1 1941//1 1942//1
f 1672//1 1942//1 1943//1
f 1913//1 1944//1 1912//1
f 1912//1 1944//1 1921//1
f 1912//1 1921//1 1911//1
f 1911//1 1921//1 1922//1
f 1900//1 1901//1 1971//1
f 1971//1 1901//1 1902//1
f 1971//1 1902//1 1903//1
f 1903//1 1904//1 1971//1
f 1971//1 1904//1 1777//1
f 1904//1 1905//1 1777//1
f 1916//1 1917//1 1956//1
f 1956//1 1917//1 1918//1
f 1956//1 1918//1 1919//1
f 1919//1 1920//1 1956//1
f 1863//1 1849//1 1862//1
f 1862//1 1849//1 1850//1
f 1862//1 1850//1 1861//1
f 1861//1 1850//1 1851//1
f 1861//1 1851//1 1884//1
f 1884//1 1851//1 1852//1
f 1884//1 1852//1 1672//1
f 1672//1 1852//1 1853//1
f 1672//1 1853//1 1854//1
f 1849//1 1863//1 1848//1
f 1848//1 1863//1 1864//1
f 1848//1 1864//1 1847//1
f 1847//1 1864//1 1865//1
f 1847//1 1865//1 1846//1
f 1846//1 1865//1 1866//1
f 1846//1 1866//1 1845//1
f 1845//1 1866//1 1867//1
f 1845//1 1867//1 1777//1
f 1777//1 1867//1 1868//1
f 1777//1 1868//1 1656//1
f 1656//1 1868//1 1869//1
f 1656//1 1869//1 1870//1
f 1870//1 1871//1 1656//1
f 1656//1 1871//1 1872//1
f 1656//1 1872//1 1873//1
f 1873//1 1874//1 1656//1
f 1656//1 1874//1 1875//1
f 1656//1 1875//1 1876//1
f 1876//1 1877//1 1656//1
f 1656//1 1877//1 1878//1
f 1656//1 1878//1 1655//1
f 1655//1 1878//1 1879//1
f 1881//1 1882//1 1672//1
f 1672//1 1882//1 1883//1
f 1672//1 1883//1 1884//1
f 1840//1 1841//1 1777//1
f 1777//1 1841//1 1842//1
f 1777//1 1842//1 1843//1
f 1843//1 1844//1 1777//1
f 1777//1 1844//1 1845//1
f 1854//1 1855//1 1672//1
f 1672//1 1855//1 1856//1
f 1672//1 1856//1 1857//1
f 1857//1 1858//1 1672//1
f 1672//1 1858//1 1859//1
f 1672//1 1859//1 1860//1
f 1860//1 1837//1 1672//1
f 1672//1 1837//1 1838//1
f 1832//1 1657//1 1656//1
f 1656//1 1657//1 1777//1
f 1465//902 1466//902 2001//902
f 1464//903 1980//903 1463//903
f 1463//904 1980//904 1954//904
f 1463//1 1954//1 1468//1
f 1781//1 1773//1 435//1
f 1239//1 1781//1 435//1
f 2071//656 759//656 2070//656
f 2070//656 759//656 758//656
f 2070//657 758//657 2069//657
f 2069//657 758//657 951//657
f 2069//658 951//658 2076//658
f 2076//658 951//658 950//658
f 2076//659 950//659 2077//659
f 2077//659 950//659 949//659
f 2077//660 949//660 2078//660
f 2078//660 949//660 948//660
f 2078//661 948//661 2079//661
f 2079//661 948//661 947//661
f 2079//662 947//662 2048//662
f 2048//662 947//662 935//662
f 2048//178 935//178 2046//178
f 2046//178 935//178 936//178
f 2046//179 936//179 2044//179
f 2044//179 936//179 938//179
f 2044//180 938//180 2042//180
f 2042//180 938//180 940//180
f 2042//181 940//181 2040//181
f 2040//181 940//181 942//181
f 2040//182 942//182 2036//182
f 2036//182 942//182 916//182
f 2036//183 916//183 2038//183
f 2038//183 916//183 915//183
f 2038//187 915//187 2039//187
f 2039//187 915//187 913//187
f 2039//188 913//188 2067//188
f 2067//188 913//188 917//188
f 2067//189 917//189 2065//189
f 2065//189 917//189 919//189
f 2065//190 919//190 2063//190
f 2063//190 919//190 921//190
f 2063//191 921//191 2061//191
f 2061//191 921//191 923//191
f 2061//192 923//192 2059//192
f 2059//192 923//192 925//192
f 2059//651 925//651 2075//651
f 2075//651 925//651 946//651
f 2075//652 946//652 2074//652
f 2074//652 946//652 945//652
f 2074//653 945//653 2073//653
f 2073//653 945//653 944//653
f 2073//654 944//654 2072//654
f 2072//654 944//654 760//654
f 2072//655 760//655 2071//655
f 2071//655 760//655 759//655
f 2068//656 912//656 2037//656
f 2037//656 912//656 914//656
f 2037//657 914//657 2035//657
f 2035//657 914//657 943//657
f 2035//658 943//658 2041//658
f 2041//658 943//658 941//658
f 2041//659 941//659 2043//659
f 2043//659 941//659 939//659
f 2043//660 939//660 2045//660
f 2045//660 939//660 937//660
f 2045//661 937//661 2047//661
f 2047//661 937//661 934//661
f 2047//662 934//662 2049//662
f 2049//662 934//662 933//662
f 2049//178 933//178 2050//178
f 2050//178 933//178 932//178
f 2050//179 932//179 2051//179
f 2051//179 932//179 931//179
f 2051//180 931//180 2052//180
f 2052//180 931//180 908//180
f 2052//181 908//181 2053//181
f 2053//181 908//181 907//181
f 2053//182 907//182 2054//182
f 2054//182 907//182 930//182
f 2054//183 930//183 2032//183
f 2032//183 930//183 911//183
f 2032//187 911//187 2033//187
f 2033//187 911//187 910//187
f 2033//188 910//188 2034//188
f 2034//188 910//188 909//188
f 2034//189 909//189 2055//189
f 2055//189 909//189 929//189
f 2055//190 929//190 2056//190
f 2056//190 929//190 928//190
f 2056//191 928//191 2057//191
f 2057//191 928//191 927//191
f 2057//192 927//192 2058//192
f 2058//192 927//192 926//192
f 2058//651 926//651 2060//651
f 2060//651 926//651 924//651
f 2060//652 924//652 2062//652
f 2062//652 924//652 922//652
f 2062//653 922//653 2064//653
f 2064//653 922//653 920//653
f 2064//654 920//654 2066//654
f 2066//654 920//654 918//654
f 2066//655 918//655 2068//655
f 2068//655 918//655 912//655
f 1972//823 1955//823 464//823
f 464//905 1955//905 466//905
f 494//121 463//121 1980//121
f 1980//121 463//121 2001//121
f 463//815 754//815 2001//815
f 2001//815 754//815 1465//815
f 761//906 494//906 1464//906
f 1464//906 494//906 1980//906
f 1519//907 2080//907 1520//907
f 1520//908 2080//908 1540//908
f 2081//909 1526//909 1539//909
f 1539//910 1526//910 1523//910
f 1953//139 1525//139 1950//139
f 1950//139 1525//139 1526//139
f 1950//139 1526//139 1519//139
f 1519//139 1526//139 2081//139
f 1519//139 2081//139 2080//139
f 2080//139 2081//139 1953//139
f 2080//139 1953//139 1888//139
f 1887//139 1521//139 1888//139
f 1888//139 1521//139 2082//139
f 1888//139 2082//139 2080//139
f 1521//139 1887//139 1519//139
f 1519//139 1887//139 1950//139
f 2081//139 2083//139 1953//139
f 1953//139 2083//139 1525//139
f 1953//911 1952//911 1888//911
f 1888//911 1952//911 1885//911
f 1949//121 1947//121 1351//121
f 1351//121 1947//121 1348//121
f 1351//121 1348//121 1951//121
f 1951//121 1348//121 1342//121
f 1951//121 1342//121 1952//121
f 1952//121 1342//121 2084//121
f 1952//121 2084//121 1947//121
f 2085//121 1885//121 1949//121
f 1949//121 1885//121 1952//121
f 1949//121 1952//121 1947//121
f 2085//121 1350//121 1885//121
f 1885//121 1350//121 1886//121
f 1886//121 1350//121 1351//121
f 1886//121 1351//121 1951//121
f 2086//1 1889//1 2087//1
f 2087//1 1889//1 2088//1
f 2087//1 2088//1 2089//1
f 2089//1 2088//1 2090//1
f 2090//1 2088//1 2091//1
f 2091//1 2088//1 2092//1
f 2092//1 2088//1 2093//1
f 1889//1 2086//1 2094//1
f 2094//1 2086//1 2095//1
f 2094//1 2095//1 2096//1
f 2096//1 2097//1 2094//1
f 2094//1 2097//1 2098//1
f 2094//1 2098//1 2099//1
f 2094//1 1896//1 1889//1
f 2100//912 1890//912 2101//912
f 2101//913 1890//913 1895//913
f 2101//914 1895//914 2102//914
f 2100//21 2103//21 1890//21
f 1890//21 2103//21 2104//21
f 1890//21 2104//21 2105//21
f 2105//21 2106//21 1890//21
f 1890//915 2106//915 2107//915
f 2108//138 2109//138 2087//138
f 2087//138 2109//138 2086//138
f 2088//183 2110//183 2093//183
f 2093//183 2110//183 2111//183
f 2093//182 2111//182 2092//182
f 2092//182 2111//182 2112//182
f 2092//181 2112//181 2091//181
f 2091//181 2112//181 2113//181
f 2091//180 2113//180 2090//180
f 2090//180 2113//180 2114//180
f 2090//179 2114//179 2089//179
f 2089//179 2114//179 2115//179
f 2089//178 2115//178 2087//178
f 2087//178 2115//178 2108//178
f 1890//121 2107//121 1889//121
f 1889//916 2107//916 2088//916
f 2088//193 2107//193 2110//193
f 2110//193 2107//193 2116//193
f 2110//194 2116//194 2117//194
f 2117//195 2118//195 2110//195
f 2119//139 2102//139 2094//139
f 2094//917 2102//917 1896//917
f 1896//918 2102//918 1895//918
f 2086//662 2109//662 2095//662
f 2095//662 2109//662 2120//662
f 2095//661 2120//661 2096//661
f 2096//661 2120//661 2121//661
f 2096//660 2121//660 2097//660
f 2097//660 2121//660 2122//660
f 2097//659 2122//659 2098//659
f 2098//659 2122//659 2123//659
f 2098//658 2123//658 2099//658
f 2099//658 2123//658 2124//658
f 2099//657 2124//657 2094//657
f 2094//657 2124//657 2119//657
f 1959//139 1972//139 905//139
f 905//139 1972//139 464//139
f 2080//919 2082//919 1540//919
f 1540//920 2082//920 2125//920
f 1540//21 2125//21 1539//21
f 1539//21 2125//21 2126//21
f 1539//921 2126//921 2083//921
f 2127//21 1541//21 2125//21
f 2125//922 1541//922 1542//922
f 2125//923 1542//923 2126//923
f 2126//924 1542//924 2128//924
f 2128//149 1542//149 2129//149
f 2127//925 2130//925 1541//925
f 2083//926 2081//926 1539//926
f 2084//927 1342//927 1649//927
f 1649//928 1342//928 1341//928
f 2083//929 2126//929 1525//929
f 1525//930 2126//930 1524//930
f 1350//931 2085//931 1344//931
f 1344//932 2085//932 1650//932
f 1521//933 1522//933 2082//933
f 2082//934 1522//934 2125//934
f 1887//1 1886//1 1950//1
f 1950//1 1886//1 1951//1
f 2131//1 1891//1 2132//1
f 2132//1 1891//1 2133//1
f 2132//1 2133//1 2134//1
f 2134//1 2133//1 2135//1
f 2135//1 2133//1 2136//1
f 2136//1 2133//1 2137//1
f 2137//1 2133//1 2138//1
f 1891//1 2131//1 2139//1
f 2139//1 2131//1 2140//1
f 2139//1 2140//1 2141//1
f 2141//1 2142//1 2139//1
f 2139//1 2142//1 2143//1
f 2139//1 2143//1 2144//1
f 2139//1 1892//1 1891//1
f 2145//21 1893//21 2146//21
f 2146//21 1893//21 1894//21
f 2146//21 1894//21 2147//21
f 2145//21 2148//21 1893//21
f 1893//21 2148//21 2149//21
f 1893//21 2149//21 2150//21
f 2150//21 2151//21 1893//21
f 1893//21 2151//21 2152//21
f 2153//138 2154//138 2132//138
f 2132//138 2154//138 2131//138
f 2133//183 2155//183 2138//183
f 2138//183 2155//183 2156//183
f 2138//182 2156//182 2137//182
f 2137//182 2156//182 2157//182
f 2137//181 2157//181 2136//181
f 2136//181 2157//181 2158//181
f 2136//180 2158//180 2135//180
f 2135//180 2158//180 2159//180
f 2135//179 2159//179 2134//179
f 2134//179 2159//179 2160//179
f 2134//178 2160//178 2132//178
f 2132//178 2160//178 2153//178
f 1893//121 2152//121 1891//121
f 1891//916 2152//916 2133//916
f 2133//193 2152//193 2155//193
f 2155//193 2152//193 2161//193
f 2155//194 2161//194 2162//194
f 2162//195 2163//195 2155//195
f 2164//139 2147//139 2139//139
f 2139//917 2147//917 1892//917
f 1892//918 2147//918 1894//918
f 2131//662 2154//662 2140//662
f 2140//662 2154//662 2165//662
f 2140//661 2165//661 2141//661
f 2141//661 2165//661 2166//661
f 2141//660 2166//660 2142//660
f 2142//660 2166//660 2167//660
f 2142//659 2167//659 2143//659
f 2143//659 2167//659 2168//659
f 2143//658 2168//658 2144//658
f 2144//658 2168//658 2169//658
f 2144//657 2169//657 2139//657
f 2139//657 2169//657 2164//657
f 2116//21 2170//21 2117//21
f 2117//21 2170//21 2171//21
f 2117//21 2171//21 2172//21
f 2172//21 2171//21 2173//21
f 2173//21 2171//21 2174//21
f 2174//21 2171//21 2175//21
f 2175//21 2171//21 2176//21
f 2170//21 2116//21 2177//21
f 2177//21 2116//21 2178//21
f 2177//21 2178//21 2179//21
f 2179//21 2180//21 2177//21
f 2177//21 2180//21 2181//21
f 2177//21 2181//21 2182//21
f 2183//21 2184//21 2177//21
f 2177//21 2184//21 2170//21
f 2170//21 2185//21 2171//21
f 2115//935 2186//935 2108//935
f 2108//935 2186//935 2187//935
f 2108//936 2187//936 2109//936
f 2109//937 2187//937 2120//937
f 2120//938 2187//938 2188//938
f 2120//939 2188//939 2121//939
f 2121//940 2188//940 2122//940
f 2122//941 2188//941 2189//941
f 2122//942 2189//942 2123//942
f 2123//943 2189//943 2124//943
f 2124//944 2189//944 2119//944
f 2119//945 2189//945 2190//945
f 2119//946 2190//946 2102//946
f 2102//1 2190//1 2191//1
f 2186//947 2115//947 2192//947
f 2192//947 2115//947 2114//947
f 2192//948 2114//948 2193//948
f 2193//948 2114//948 2113//948
f 2193//949 2113//949 2194//949
f 2194//949 2113//949 2112//949
f 2194//950 2112//950 2195//950
f 2195//950 2112//950 2111//950
f 2195//951 2111//951 2118//951
f 2118//951 2111//951 2110//951
f 2171//178 2187//178 2176//178
f 2176//178 2187//178 2186//178
f 2176//179 2186//179 2175//179
f 2175//179 2186//179 2192//179
f 2175//180 2192//180 2174//180
f 2174//180 2192//180 2193//180
f 2174//181 2193//181 2173//181
f 2173//181 2193//181 2194//181
f 2173//182 2194//182 2172//182
f 2172//182 2194//182 2195//182
f 2172//183 2195//183 2117//183
f 2117//183 2195//183 2118//183
f 2188//952 2187//952 2185//952
f 2185//952 2187//952 2171//952
f 2101//953 2102//953 2177//953
f 2177//954 2102//954 2183//954
f 2183//164 2102//164 2191//164
f 2116//187 2107//187 2178//187
f 2178//187 2107//187 2106//187
f 2178//188 2106//188 2179//188
f 2179//188 2106//188 2105//188
f 2179//189 2105//189 2180//189
f 2180//189 2105//189 2104//189
f 2180//190 2104//190 2181//190
f 2181//190 2104//190 2103//190
f 2181//191 2103//191 2182//191
f 2182//191 2103//191 2100//191
f 2182//192 2100//192 2177//192
f 2177//192 2100//192 2101//192
f 2189//139 2188//139 2170//139
f 2170//139 2188//139 2185//139
f 2184//139 2183//139 2190//139
f 2190//139 2183//139 2191//139
f 2161//21 2196//21 2162//21
f 2162//21 2196//21 2197//21
f 2162//21 2197//21 2198//21
f 2198//21 2197//21 2199//21
f 2199//21 2197//21 2200//21
f 2200//21 2197//21 2201//21
f 2201//21 2197//21 2202//21
f 2196//21 2161//21 2203//21
f 2203//21 2161//21 2204//21
f 2203//21 2204//21 2205//21
f 2205//21 2206//21 2203//21
f 2203//21 2206//21 2207//21
f 2203//21 2207//21 2208//21
f 2209//21 2210//21 2203//21
f 2203//21 2210//21 2196//21
f 2196//21 2211//21 2197//21
f 2160//1 2212//1 2153//1
f 2153//1 2212//1 2213//1
f 2153//1 2213//1 2154//1
f 2154//1 2213//1 2165//1
f 2165//1 2213//1 2214//1
f 2165//1 2214//1 2166//1
f 2166//1 2214//1 2167//1
f 2167//1 2214//1 2215//1
f 2167//1 2215//1 2168//1
f 2168//1 2215//1 2169//1
f 2169//1 2215//1 2164//1
f 2164//1 2215//1 2216//1
f 2164//1 2216//1 2147//1
f 2147//1 2216//1 2217//1
f 2212//1 2160//1 2218//1
f 2218//1 2160//1 2159//1
f 2218//1 2159//1 2219//1
f 2219//1 2159//1 2158//1
f 2219//1 2158//1 2220//1
f 2220//1 2158//1 2157//1
f 2220//1 2157//1 2221//1
f 2221//1 2157//1 2156//1
f 2221//1 2156//1 2163//1
f 2163//1 2156//1 2155//1
f 2197//178 2213//178 2202//178
f 2202//178 2213//178 2212//178
f 2202//179 2212//179 2201//179
f 2201//179 2212//179 2218//179
f 2201//180 2218//180 2200//180
f 2200//180 2218//180 2219//180
f 2200//181 2219//181 2199//181
f 2199//181 2219//181 2220//181
f 2199//182 2220//182 2198//182
f 2198//182 2220//182 2221//182
f 2198//183 2221//183 2162//183
f 2162//183 2221//183 2163//183
f 2214//952 2213//952 2211//952
f 2211//952 2213//952 2197//952
f 2146//953 2147//953 2203//953
f 2203//954 2147//954 2209//954
f 2209//164 2147//164 2217//164
f 2161//187 2152//187 2204//187
f 2204//187 2152//187 2151//187
f 2204//188 2151//188 2205//188
f 2205//188 2151//188 2150//188
f 2205//189 2150//189 2206//189
f 2206//189 2150//189 2149//189
f 2206//190 2149//190 2207//190
f 2207//190 2149//190 2148//190
f 2207//191 2148//191 2208//191
f 2208//191 2148//191 2145//191
f 2208//192 2145//192 2203//192
f 2203//192 2145//192 2146//192
f 2215//139 2214//139 2196//139
f 2196//139 2214//139 2211//139
f 2210//139 2209//139 2216//139
f 2216//139 2209//139 2217//139
f 2222//138 2170//138 2223//138
f 2223//138 2170//138 2215//138
f 2223//138 2215//138 2196//138
f 2224//955 2225//955 2222//955
f 2222//956 2225//956 2226//956
f 2222//138 2226//138 2189//138
f 2224//138 2227//138 2225//138
f 2225//138 2227//138 2228//138
f 2228//957 2227//957 2223//957
f 2228//958 2223//958 2229//958
f 2229//138 2223//138 2196//138
f 2189//138 2170//138 2222//138
f 2230//164 2184//164 2231//164
f 2231//164 2184//164 2190//164
f 2231//164 2190//164 2232//164
f 2233//959 2234//959 2230//959
f 2230//960 2234//960 2235//960
f 2230//164 2235//164 2210//164
f 2233//164 2236//164 2234//164
f 2234//164 2236//164 2237//164
f 2237//961 2236//961 2231//961
f 2237//962 2231//962 2232//962
f 2210//164 2216//164 2230//164
f 2230//164 2216//164 2184//164
f 2238//21 2234//21 2239//21
f 2239//21 2234//21 2228//21
f 2239//21 2228//21 2229//21
f 2238//21 2240//21 2234//21
f 2234//21 2240//21 2235//21
f 2235//21 2240//21 2241//21
f 2235//21 2241//21 2229//21
f 2229//21 2241//21 2239//21
f 2237//166 2232//166 2225//166
f 2225//166 2232//166 2226//166
f 2234//139 2237//139 2228//139
f 2228//139 2237//139 2225//139
f 2242//165 2243//165 2222//165
f 2222//165 2243//165 2224//165
f 2243//121 2244//121 2224//121
f 2224//121 2244//121 2227//121
f 2245//121 2246//121 2233//121
f 2233//121 2246//121 2236//121
f 2246//165 2247//165 2236//165
f 2236//165 2247//165 2231//165
f 2244//1 2248//1 2227//1
f 2227//1 2248//1 2223//1
f 2249//1 2245//1 2230//1
f 2230//1 2245//1 2233//1
f 2248//139 2242//139 2223//139
f 2223//139 2242//139 2222//139
f 2247//139 2249//139 2231//139
f 2231//139 2249//139 2230//139
f 2245//138 2250//138 2246//138
f 2246//963 2250//963 2251//963
f 2246//957 2251//957 2247//957
f 2247//138 2251//138 2249//138
f 2249//138 2251//138 2240//138
f 2249//964 2240//964 2238//964
f 2250//138 2245//138 2238//138
f 2238//965 2245//965 2249//965
f 2243//164 2252//164 2244//164
f 2244//164 2252//164 2239//164
f 2244//966 2239//966 2241//966
f 2243//961 2242//961 2252//961
f 2252//967 2242//967 2253//967
f 2253//164 2242//164 2248//164
f 2253//164 2248//164 2241//164
f 2241//968 2248//968 2244//968
f 2251//163 2250//163 2253//163
f 2253//163 2250//163 2252//163
f 2250//121 2238//121 2252//121
f 2252//121 2238//121 2239//121
f 2240//139 2251//139 2241//139
f 2241//139 2251//139 2253//139
f 2189//121 2226//121 2190//121
f 2190//121 2226//121 2232//121
f 2184//121 2216//121 2170//121
f 2170//121 2216//121 2215//121
f 2210//121 2235//121 2196//121
f 2196//121 2235//121 2229//121
f 1981//969 1954//969 2254//969
f 2254//970 1954//970 1642//970
f 2254//971 1642//971 280//971
f 2254//972 280//972 2255//972
f 2255//973 280//973 271//973
f 2255//974 271//974 1975//974
f 1975//121 271//121 1779//121
f 1524//975 2126//975 1528//975
f 1528//976 2126//976 2128//976
f 2125//977 1522//977 2127//977
f 2127//978 1522//978 1531//978
f 2256//1 2257//1 2258//1
f 2258//1 2257//1 2259//1
f 2258//1 2259//1 2260//1
f 2260//1 2259//1 2261//1
f 2261//1 2259//1 2262//1
f 2262//1 2259//1 2263//1
f 2263//1 2259//1 2264//1
f 2264//1 2259//1 2265//1
f 2265//1 2259//1 2266//1
f 2260//1 2267//1 2258//1
f 2258//1 2267//1 2268//1
f 2258//1 2268//1 2269//1
f 2269//1 2270//1 2258//1
f 2258//1 2270//1 2271//1
f 2272//979 2273//979 2274//979
f 2274//139 2273//139 2260//139
f 2274//139 2260//139 2261//139
f 2274//980 2275//980 2272//980
f 2276//981 2258//981 2277//981
f 2277//982 2258//982 2271//982
f 2277//983 2271//983 2278//983
f 2278//984 2271//984 2270//984
f 2278//985 2270//985 2279//985
f 2279//986 2270//986 2269//986
f 2279//987 2269//987 2280//987
f 2280//988 2269//988 2268//988
f 2280//989 2268//989 2281//989
f 2281//990 2268//990 2267//990
f 2281//991 2267//991 2273//991
f 2273//656 2267//656 2260//656
f 2282//992 2256//992 2283//992
f 2283//993 2256//993 2258//993
f 2283//164 2258//164 2276//164
f 2276//164 2284//164 2283//164
f 2259//662 2285//662 2266//662
f 2266//662 2285//662 2286//662
f 2266//661 2286//661 2265//661
f 2265//661 2286//661 2287//661
f 2265//660 2287//660 2264//660
f 2264//660 2287//660 2288//660
f 2264//659 2288//659 2263//659
f 2263//659 2288//659 2289//659
f 2263//658 2289//658 2262//658
f 2262//658 2289//658 2290//658
f 2262//657 2290//657 2261//657
f 2261//657 2290//657 2274//657
f 2291//21 2292//21 2293//21
f 2293//21 2292//21 2282//21
f 2293//21 2282//21 2294//21
f 2294//21 2282//21 2295//21
f 2295//21 2282//21 2296//21
f 2296//21 2282//21 2297//21
f 2297//21 2282//21 2298//21
f 2298//21 2282//21 2283//21
f 2292//994 2291//994 2257//994
f 2257//995 2291//995 2259//995
f 2259//138 2291//138 2285//138
f 471//138 1981//138 2299//138
f 2299//138 1981//138 2129//138
f 2299//138 2129//138 2130//138
f 2130//138 2129//138 1529//138
f 2130//138 1529//138 1532//138
f 1532//138 1529//138 2300//138
f 1532//138 2300//138 1531//138
f 1531//138 2300//138 2299//138
f 1531//138 2299//138 2127//138
f 2127//138 2299//138 2130//138
f 467//996 1982//996 471//996
f 471//997 1982//997 1981//997
f 2254//138 1528//138 1981//138
f 1981//138 1528//138 2128//138
f 1981//138 2128//138 2129//138
f 1528//138 2254//138 1529//138
f 1529//138 2254//138 2300//138
f 467//139 462//139 1982//139
f 1982//139 462//139 1945//139
f 1529//998 2129//998 1527//998
f 1527//998 2129//998 1542//998
f 477//999 779//999 1992//999
f 1992//999 779//999 1533//999
f 775//1000 483//1000 1536//1000
f 1536//1000 483//1000 1986//1000
f 483//164 477//164 1986//164
f 1986//164 477//164 1992//164
f 2130//1001 1532//1001 1541//1001
f 1541//1002 1532//1002 1530//1002
f 1993//662 481//662 1991//662
f 1991//662 481//662 482//662
f 1991//178 482//178 1990//178
f 1990//178 482//178 484//178
f 1990//179 484//179 1989//179
f 1989//179 484//179 485//179
f 1989//180 485//180 1988//180
f 1988//180 485//180 486//180
f 1988//181 486//181 1987//181
f 1987//181 486//181 487//181
f 1987//182 487//182 2024//182
f 2024//182 487//182 488//182
f 2024//183 488//183 2025//183
f 2025//183 488//183 489//183
f 2025//187 489//187 2026//187
f 2026//187 489//187 490//187
f 2026//188 490//188 2027//188
f 2027//188 490//188 491//188
f 2027//189 491//189 2028//189
f 2028//189 491//189 492//189
f 2028//190 492//190 2029//190
f 2029//190 492//190 474//190
f 2029//191 474//191 2030//191
f 2030//191 474//191 473//191
f 2030//192 473//192 2031//192
f 2031//192 473//192 472//192
f 2031//651 472//651 1983//651
f 1983//651 472//651 774//651
f 1983//652 774//652 1984//652
f 1984//652 774//652 773//652
f 1984//653 773//653 1985//653
f 1985//653 773//653 772//653
f 1985//654 772//654 2000//654
f 2000//654 772//654 771//654
f 2000//655 771//655 1999//655
f 1999//655 771//655 770//655
f 1999//656 770//656 1998//656
f 1998//656 770//656 769//656
f 1998//657 769//657 1997//657
f 1997//657 769//657 768//657
f 1997//658 768//658 1996//658
f 1996//658 768//658 478//658
f 1996//659 478//659 1995//659
f 1995//659 478//659 479//659
f 1995//660 479//660 1994//660
f 1994//660 479//660 480//660
f 1994//661 480//661 1993//661
f 1993//661 480//661 481//661
f 2301//139 475//139 2302//139
f 2302//1003 475//1003 2282//1003
f 2302//1004 2282//1004 2292//1004
f 2303//1005 2300//1005 2301//1005
f 2301//1006 2300//1006 1643//1006
f 2301//1007 1643//1007 475//1007
f 2303//139 2304//139 2300//139
f 2300//1008 2304//1008 2299//1008
f 2299//1009 2304//1009 2292//1009
f 2299//1010 2292//1010 2257//1010
f 2304//1011 2302//1011 2292//1011
f 475//1012 471//1012 2256//1012
f 2256//1013 471//1013 2299//1013
f 2256//1014 2299//1014 2257//1014
f 2300//1015 2305//1015 1643//1015
f 1643//1016 2305//1016 278//1016
f 278//1017 2305//1017 276//1017
f 276//1018 2305//1018 2306//1018
f 276//1019 2306//1019 438//1019
f 438//1020 2306//1020 536//1020
f 2282//1021 475//1021 2256//1021
f 1976//662 542//662 1977//662
f 1977//662 542//662 541//662
f 1977//178 541//178 1978//178
f 1978//178 541//178 567//178
f 1978//179 567//179 2009//179
f 2009//179 567//179 566//179
f 2009//180 566//180 2008//180
f 2008//180 566//180 565//180
f 2008//181 565//181 2007//181
f 2007//181 565//181 564//181
f 2007//182 564//182 2006//182
f 2006//182 564//182 563//182
f 2006//183 563//183 2005//183
f 2005//183 563//183 562//183
f 2005//187 562//187 2004//187
f 2004//187 562//187 561//187
f 2004//188 561//188 2003//188
f 2003//188 561//188 546//188
f 2003//189 546//189 2013//189
f 2013//189 546//189 547//189
f 2013//190 547//190 2014//190
f 2014//190 547//190 548//190
f 2014//191 548//191 2015//191
f 2015//191 548//191 549//191
f 2015//192 549//192 2010//192
f 2010//192 549//192 550//192
f 2010//651 550//651 2011//651
f 2011//651 550//651 552//651
f 2011//652 552//652 2012//652
f 2012//652 552//652 553//652
f 2012//653 553//653 2016//653
f 2016//653 553//653 554//653
f 2016//654 554//654 2017//654
f 2017//654 554//654 555//654
f 2017//655 555//655 2018//655
f 2018//655 555//655 556//655
f 2018//656 556//656 2019//656
f 2019//656 556//656 557//656
f 2019//657 557//657 2020//657
f 2020//657 557//657 558//657
f 2020//658 558//658 2021//658
f 2021//658 558//658 559//658
f 2021//659 559//659 2022//659
f 2022//659 559//659 560//659
f 2022//660 560//660 2023//660
f 2023//660 560//660 543//660
f 2023//661 543//661 1976//661
f 1976//661 543//661 542//661
f 545//718 649//718 2002//718
f 2002//718 649//718 1355//718
f 551//138 545//138 1979//138
f 1979//138 545//138 2002//138
f 650//717 551//717 1353//717
f 1353//717 551//717 1979//717
f 250//1002 270//1002 248//1002
f 248//1022 270//1022 268//1022
f 267//998 247//998 264//998
f 264//998 247//998 244//998
f 1974//139 1773//139 540//139
f 540//139 1773//139 446//139
f 249//164 269//164 2306//164
f 2306//164 269//164 270//164
f 2306//164 270//164 267//164
f 267//164 270//164 247//164
f 247//164 270//164 250//164
f 247//164 250//164 2305//164
f 2305//164 250//164 249//164
f 2305//164 249//164 2306//164
f 2305//164 2255//164 247//164
f 247//164 2255//164 246//164
f 246//164 2255//164 1975//164
f 246//164 1975//164 266//164
f 266//164 1975//164 267//164
f 267//164 1975//164 2306//164
f 2306//164 1975//164 536//164
f 536//1023 1975//1023 1974//1023
f 536//1024 1974//1024 540//1024
f 2302//1 2304//1 2307//1
f 2307//1 2304//1 2308//1
f 2307//1 2308//1 2309//1
f 2309//1 2308//1 2310//1
f 2310//1 2308//1 2311//1
f 2311//1 2308//1 2312//1
f 2312//1 2308//1 2313//1
f 2313//1 2308//1 2314//1
f 2314//1 2308//1 2315//1
f 2309//1 2316//1 2307//1
f 2307//1 2316//1 2317//1
f 2307//1 2317//1 2318//1
f 2318//1 2319//1 2307//1
f 2307//1 2319//1 2320//1
f 2321//1025 2322//1025 2323//1025
f 2323//1026 2322//1026 2309//1026
f 2323//139 2309//139 2310//139
f 2323//980 2324//980 2321//980
f 2325//981 2307//981 2326//981
f 2326//982 2307//982 2320//982
f 2326//983 2320//983 2327//983
f 2327//984 2320//984 2319//984
f 2327//985 2319//985 2328//985
f 2328//986 2319//986 2318//986
f 2328//987 2318//987 2329//987
f 2329//988 2318//988 2317//988
f 2329//989 2317//989 2330//989
f 2330//990 2317//990 2316//990
f 2330//991 2316//991 2322//991
f 2322//1027 2316//1027 2309//1027
f 2301//1028 2302//1028 2331//1028
f 2331//1029 2302//1029 2307//1029
f 2331//164 2307//164 2325//164
f 2325//164 2332//164 2331//164
f 2308//662 2333//662 2315//662
f 2315//662 2333//662 2334//662
f 2315//661 2334//661 2314//661
f 2314//661 2334//661 2335//661
f 2314//660 2335//660 2313//660
f 2313//660 2335//660 2336//660
f 2313//659 2336//659 2312//659
f 2312//659 2336//659 2337//659
f 2312//658 2337//658 2311//658
f 2311//658 2337//658 2338//658
f 2311//657 2338//657 2310//657
f 2310//657 2338//657 2323//657
f 2339//21 2303//21 2340//21
f 2340//21 2303//21 2301//21
f 2340//21 2301//21 2341//21
f 2341//21 2301//21 2342//21
f 2342//21 2301//21 2343//21
f 2343//21 2301//21 2344//21
f 2344//21 2301//21 2345//21
f 2345//21 2301//21 2331//21
f 2303//1030 2339//1030 2304//1030
f 2304//1031 2339//1031 2308//1031
f 2308//138 2339//138 2333//138
f 266//1032 265//1032 246//1032
f 246//1033 265//1033 245//1033
f 249//1034 241//1034 269//1034
f 269//1035 241//1035 261//1035
f 2305//1036 2300//1036 2255//1036
f 2255//1036 2300//1036 2254//1036
f 2346//139 2347//139 2348//139
f 2348//139 2347//139 2349//139
f 2348//1037 2275//1037 2299//1037
f 2299//1038 2275//1038 2350//1038
f 2299//1039 2350//1039 2351//1039
f 2349//1040 2324//1040 2348//1040
f 2348//1041 2324//1041 2272//1041
f 2348//164 2272//164 2275//164
f 2300//1042 2352//1042 2349//1042
f 2349//1043 2352//1043 2321//1043
f 2349//1040 2321//1040 2324//1040
f 2299//1044 2351//1044 2300//1044
f 2300//1045 2351//1045 2353//1045
f 2300//1046 2353//1046 2352//1046
f 2351//164 2272//164 2353//164
f 2353//1047 2272//1047 2324//1047
f 2305//1048 2300//1048 2347//1048
f 2347//1048 2300//1048 2349//1048
f 2325//21 2352//21 2332//21
f 2332//21 2352//21 2354//21
f 2332//21 2354//21 2355//21
f 2355//21 2354//21 2356//21
f 2356//21 2354//21 2357//21
f 2357//21 2354//21 2358//21
f 2358//21 2354//21 2359//21
f 2352//21 2325//21 2322//21
f 2322//21 2325//21 2326//21
f 2322//21 2326//21 2327//21
f 2327//21 2328//21 2322//21
f 2322//21 2328//21 2329//21
f 2322//21 2329//21 2330//21
f 2322//21 2321//21 2352//21
f 2339//1 2353//1 2333//1
f 2333//1 2353//1 2324//1
f 2333//1 2324//1 2334//1
f 2334//1 2324//1 2335//1
f 2335//1 2324//1 2336//1
f 2336//1 2324//1 2337//1
f 2337//1 2324//1 2338//1
f 2338//1 2324//1 2323//1
f 2340//121 2354//121 2339//121
f 2339//121 2354//121 2352//121
f 2339//121 2352//121 2353//121
f 2354//187 2340//187 2359//187
f 2359//187 2340//187 2341//187
f 2359//188 2341//188 2358//188
f 2358//188 2341//188 2342//188
f 2358//189 2342//189 2357//189
f 2357//189 2342//189 2343//189
f 2357//190 2343//190 2356//190
f 2356//190 2343//190 2344//190
f 2356//191 2344//191 2355//191
f 2355//191 2344//191 2345//191
f 2355//192 2345//192 2332//192
f 2332//192 2345//192 2331//192
f 2276//21 2351//21 2284//21
f 2284//21 2351//21 2360//21
f 2284//21 2360//21 2361//21
f 2361//21 2360//21 2362//21
f 2362//21 2360//21 2363//21
f 2363//21 2360//21 2364//21
f 2364//21 2360//21 2365//21
f 2351//21 2276//21 2273//21
f 2273//21 2276//21 2277//21
f 2273//21 2277//21 2278//21
f 2278//21 2279//21 2273//21
f 2273//21 2279//21 2280//21
f 2273//21 2280//21 2281//21
f 2273//21 2272//21 2351//21
f 2291//1 2350//1 2285//1
f 2285//1 2350//1 2275//1
f 2285//1 2275//1 2286//1
f 2286//1 2275//1 2287//1
f 2287//1 2275//1 2288//1
f 2288//1 2275//1 2289//1
f 2289//1 2275//1 2290//1
f 2290//1 2275//1 2274//1
f 2293//121 2360//121 2291//121
f 2291//1049 2360//1049 2351//1049
f 2291//1050 2351//1050 2350//1050
f 2360//187 2293//187 2365//187
f 2365//187 2293//187 2294//187
f 2365//188 2294//188 2364//188
f 2364//188 2294//188 2295//188
f 2364//189 2295//189 2363//189
f 2363//189 2295//189 2296//189
f 2363//190 2296//190 2362//190
f 2362//190 2296//190 2297//190
f 2362//191 2297//191 2361//191
f 2361//191 2297//191 2298//191
f 2361//192 2298//192 2284//192
f 2284//192 2298//192 2283//192
f 2299//1051 2300//1051 2306//1051
f 2306//1052 2300//1052 2305//1052
f 2346//1053 2306//1053 2347//1053
f 2347//1054 2306//1054 2305//1054
f 2348//1055 2299//1055 2346//1055
f 2346//1055 2299//1055 2306//1055
f 1646//1056 1452//1056 2366//1056
f 2366//1056 1452//1056 1454//1056
f 2366//1057 1454//1057 1780//1057
f 1780//1058 1454//1058 1455//1058
f 2367//121 1462//121 1244//121
f 1244//121 1462//121 1245//121
f 1648//121 1330//121 1640//121
f 1640//121 1330//121 1331//121
f 1273//1059 2368//1059 1269//1059
f 1269//1060 2368//1060 1776//1060
f 1776//1061 2368//1061 1641//1061
f 1776//1062 1641//1062 1456//1062
f 1776//1063 1456//1063 1639//1063
f 1639//1064 1456//1064 1457//1064
f 1639//1065 1457//1065 1459//1065
f 1459//1066 1457//1066 1774//1066
f 1459//1067 1774//1067 1458//1067
f 1458//1068 1774//1068 1649//1068
f 1649//1069 1774//1069 1775//1069
f 1649//1070 1775//1070 1650//1070
f 1650//1071 1775//1071 1722//1071
f 1650//21 1722//21 1721//21
f 1774//1072 1457//1072 1721//1072
f 1721//21 1457//21 1650//21
f 2085//1073 1948//1073 1650//1073
f 1650//21 1948//21 1946//21
f 1650//21 1946//21 1649//21
f 1649//1074 1946//1074 2084//1074
f 2084//1075 1946//1075 1947//1075
f 2085//1076 1949//1076 1948//1076
f 1462//159 2367//159 1268//159
f 1268//1077 2367//1077 1266//1077
f 281//1078 1278//1078 274//1078
f 274//1079 1278//1079 272//1079
f 273//1080 272//1080 1276//1080
f 1276//1081 272//1081 1278//1081
f 1273//1082 1271//1082 2368//1082
f 2368//1083 1271//1083 1332//1083
f 239//1084 260//1084 234//1084
f 234//1085 260//1085 236//1085
f 1270//1 1279//1 1265//1
f 1265//1 1279//1 1277//1
f 2369//1 1723//1 2370//1
f 2370//1 1723//1 2371//1
f 2370//1 2371//1 2372//1
f 2372//1 2371//1 2373//1
f 2373//1 2371//1 2374//1
f 2374//1 2371//1 2375//1
f 2375//1 2371//1 2376//1
f 1723//1 2369//1 383//1
f 383//1 2369//1 2377//1
f 383//1 2377//1 2378//1
f 2378//1 2379//1 383//1
f 383//1 2379//1 2380//1
f 383//1 2380//1 2381//1
f 383//1 382//1 1723//1
f 365//21 1724//21 352//21
f 352//21 1724//21 381//21
f 352//21 381//21 354//21
f 354//21 381//21 356//21
f 356//21 381//21 358//21
f 358//21 381//21 360//21
f 360//21 381//21 362//21
f 362//21 381//21 364//21
f 390//164 391//164 2370//164
f 2370//164 391//164 2369//164
f 2369//192 391//192 2377//192
f 2377//192 391//192 392//192
f 2377//191 392//191 2378//191
f 2378//191 392//191 393//191
f 2378//190 393//190 2379//190
f 2379//190 393//190 394//190
f 2379//189 394//189 2380//189
f 2380//189 394//189 395//189
f 2380//188 395//188 2381//188
f 2381//188 395//188 396//188
f 2381//187 396//187 383//187
f 383//187 396//187 380//187
f 384//139 2371//139 365//139
f 365//139 2371//139 1723//139
f 365//139 1723//139 1724//139
f 2371//656 384//656 2376//656
f 2376//656 384//656 385//656
f 2376//655 385//655 2375//655
f 2375//655 385//655 386//655
f 2375//654 386//654 2374//654
f 2374//654 386//654 387//654
f 2374//653 387//653 2373//653
f 2373//1086 387//1086 388//1086
f 2373//1087 388//1087 2372//1087
f 2372//652 388//652 389//652
f 2372//651 389//651 2370//651
f 2370//651 389//651 390//651
f 1334//139 1641//139 1332//139
f 1332//139 1641//139 2368//139
f 2366//139 1780//139 1646//139
f 1646//139 1780//139 1647//139
f 1246//1088 1266//1088 1244//1088
f 1244//1089 1266//1089 2367//1089
f 2382//120 2383//120 2384//120
f 2384//120 2383//120 2385//120
f 2384//119 2385//119 2386//119
f 2386//119 2385//119 2387//119
f 2386//118 2387//118 2388//118
f 2388//118 2387//118 2389//118
f 2388//117 2389//117 2390//117
f 2390//117 2389//117 2391//117
f 2390//116 2391//116 2392//116
f 2392//116 2391//116 2393//116
f 2392//115 2393//115 2394//115
f 2394//115 2393//115 2395//115
f 2394//114 2395//114 2396//114
f 2396//114 2395//114 2397//114
f 2396//113 2397//113 2398//113
f 2398//113 2397//113 2399//113
f 2398//112 2399//112 2400//112
f 2400//112 2399//112 2401//112
f 2400//111 2401//111 2402//111
f 2402//111 2401//111 2403//111
f 2402//110 2403//110 2404//110
f 2404//110 2403//110 2405//110
f 2404//109 2405//109 2406//109
f 2406//109 2405//109 2407//109
f 2406//108 2407//108 2408//108
f 2408//108 2407//108 2409//108
f 2408//107 2409//107 2410//107
f 2410//107 2409//107 2411//107
f 2410//106 2411//106 2412//106
f 2412//106 2411//106 2413//106
f 2412//105 2413//105 2414//105
f 2414//105 2413//105 2415//105
f 2414//104 2415//104 2416//104
f 2416//104 2415//104 2417//104
f 2416//103 2417//103 2418//103
f 2418//103 2417//103 2419//103
f 2418//1090 2420//1090 2416//1090
f 2416//1 2420//1 2414//1
f 2414//1 2420//1 2421//1
f 2414//1 2421//1 2412//1
f 2412//1 2421//1 2422//1
f 2412//1 2422//1 2410//1
f 2410//1 2422//1 2423//1
f 2410//1 2423//1 2408//1
f 2408//1 2423//1 2424//1
f 2408//1 2424//1 2406//1
f 2406//1 2424//1 2425//1
f 2406//1 2425//1 2426//1
f 2406//1 2426//1 2404//1
f 2404//1 2426//1 2427//1
f 2404//1 2427//1 2402//1
f 2402//1 2427//1 2428//1
f 2402//1 2428//1 2400//1
f 2400//1 2428//1 2429//1
f 2400//1 2429//1 2430//1
f 2400//1 2430//1 2398//1
f 2398//1 2430//1 2431//1
f 2398//1 2431//1 2396//1
f 2396//1 2431//1 2432//1
f 2396//1 2432//1 2394//1
f 2394//1 2432//1 2433//1
f 2394//1 2433//1 2434//1
f 2394//1 2434//1 2392//1
f 2392//1 2434//1 2435//1
f 2392//1 2435//1 2390//1
f 2390//1 2435//1 2436//1
f 2390//1 2436//1 2388//1
f 2388//1 2436//1 2437//1
f 2388//1 2437//1 2386//1
f 2386//1 2437//1 2438//1
f 2386//1 2438//1 2384//1
f 2384//1091 2438//1091 2382//1091
f 2383//100 2382//100 2439//100
f 2439//100 2382//100 2438//100
f 2439//99 2438//99 2440//99
f 2440//99 2438//99 2437//99
f 2440//98 2437//98 2441//98
f 2441//98 2437//98 2436//98
f 2441//97 2436//97 2442//97
f 2442//97 2436//97 2435//97
f 2442//96 2435//96 2443//96
f 2443//96 2435//96 2434//96
f 2443//95 2434//95 2444//95
f 2444//95 2434//95 2433//95
f 2444//94 2433//94 2445//94
f 2445//94 2433//94 2432//94
f 2445//93 2432//93 2446//93
f 2446//93 2432//93 2431//93
f 2446//92 2431//92 2447//92
f 2447//92 2431//92 2430//92
f 2447//91 2430//91 2448//91
f 2448//91 2430//91 2429//91
f 2448//90 2429//90 2449//90
f 2449//90 2429//90 2428//90
f 2449//89 2428//89 2450//89
f 2450//89 2428//89 2427//89
f 2450//88 2427//88 2451//88
f 2451//88 2427//88 2426//88
f 2451//87 2426//87 2452//87
f 2452//87 2426//87 2425//87
f 2452//86 2425//86 2453//86
f 2453//86 2425//86 2424//86
f 2453//85 2424//85 2454//85
f 2454//85 2424//85 2423//85
f 2454//84 2423//84 2455//84
f 2455//84 2423//84 2422//84
f 2455//83 2422//83 2456//83
f 2456//83 2422//83 2421//83
f 2456//82 2421//82 2457//82
f 2457//82 2421//82 2420//82
f 2457//81 2420//81 2419//81
f 2419//81 2420//81 2418//81
f 2419//21 2417//21 2457//21
f 2457//21 2417//21 2415//21
f 2457//21 2415//21 2456//21
f 2456//21 2415//21 2413//21
f 2456//21 2413//21 2455//21
f 2455//21 2413//21 2411//21
f 2455//21 2411//21 2454//21
f 2454//21 2411//21 2409//21
f 2454//21 2409//21 2453//21
f 2453//21 2409//21 2407//21
f 2453//21 2407//21 2452//21
f 2452//21 2407//21 2451//21
f 2451//21 2407//21 2405//21
f 2451//21 2405//21 2450//21
f 2450//21 2405//21 2403//21
f 2450//21 2403//21 2449//21
f 2449//21 2403//21 2401//21
f 2449//21 2401//21 2448//21
f 2448//21 2401//21 2447//21
f 2447//21 2401//21 2399//21
f 2447//21 2399//21 2446//21
f 2446//21 2399//21 2397//21
f 2446//21 2397//21 2445//21
f 2445//21 2397//21 2395//21
f 2445//21 2395//21 2444//21
f 2444//21 2395//21 2443//21
f 2443//21 2395//21 2393//21
f 2443//21 2393//21 2442//21
f 2442//21 2393//21 2391//21
f 2442//21 2391//21 2441//21
f 2441//21 2391//21 2389//21
f 2441//21 2389//21 2440//21
f 2440//21 2389//21 2387//21
f 2440//21 2387//21 2439//21
f 2439//21 2387//21 2385//21
f 2439//21 2385//21 2383//21
f 2458//1 2459//1 2460//1
f 2460//1 2459//1 2461//1
f 2460//1 2461//1 2462//1
f 2462//1 2461//1 2463//1
f 2462//1 2463//1 2464//1
f 2464//1 2463//1 2465//1
f 2464//1 2465//1 2466//1
f 2466//1 2465//1 2467//1
f 2466//1 2467//1 2468//1
f 2468//1 2467//1 2469//1
f 2468//1 2469//1 2470//1
f 2470//1 2469//1 2471//1
f 2470//1 2471//1 2472//1
f 2472//1 2471//1 2473//1
f 2472//1 2473//1 2474//1
f 2474//1 2473//1 2475//1
f 2474//1 2475//1 2476//1
f 2476//1 2475//1 2477//1
f 2476//1 2477//1 2478//1
f 2478//1 2477//1 2479//1
f 2478//1 2479//1 2480//1
f 2480//1 2479//1 2481//1
f 2480//1 2481//1 2482//1
f 2482//1 2481//1 2483//1
f 2483//1 2481//1 2484//1
f 2483//1 2484//1 2485//1
f 2485//1 2484//1 2486//1
f 2485//1 2486//1 2487//1
f 2487//1 2486//1 2488//1
f 2487//1 2488//1 2489//1
f 2489//1 2488//1 2490//1
f 2489//1 2490//1 2491//1
f 2491//1 2490//1 2492//1
f 2491//1 2492//1 2493//1
f 2493//1 2492//1 2494//1
f 2493//1 2494//1 2495//1
f 2495//1 2494//1 2496//1
f 2495//1 2496//1 2497//1
f 2497//1 2496//1 2498//1
f 2497//1 2498//1 2499//1
f 2499//1 2498//1 2500//1
f 2499//1 2500//1 2501//1
f 2501//1 2500//1 2502//1
f 2501//1 2502//1 2503//1
f 2501//1 2503//1 2504//1
f 2504//1 2503//1 2505//1
f 2504//1 2505//1 2506//1
f 2506//1 2505//1 2507//1
f 2506//1 2507//1 2508//1
f 2508//1 2507//1 2509//1
f 2508//1 2509//1 2510//1
f 2510//1 2509//1 2511//1
f 2510//1 2511//1 2512//1
f 2512//1 2511//1 2513//1
f 2512//1 2513//1 2514//1
f 2514//1 2513//1 2515//1
f 2514//1 2515//1 2516//1
f 2516//1 2515//1 2517//1
f 2516//1 2517//1 2518//1
f 2518//1 2517//1 2519//1
f 2518//1 2519//1 2520//1
f 2520//1 2519//1 2521//1
f 2520//1 2521//1 2522//1
f 2522//1 2521//1 2523//1
f 2523//1 2521//1 2524//1
f 2523//1 2524//1 2525//1
f 2525//1 2524//1 2526//1
f 2525//1 2526//1 2527//1
f 2527//1 2526//1 2528//1
f 2527//1 2528//1 2529//1
f 2529//1 2528//1 2530//1
f 2529//1 2530//1 2531//1
f 2531//1 2530//1 2532//1
f 2531//1 2532//1 2533//1
f 2533//1 2532//1 2534//1
f 2533//1 2534//1 2535//1
f 2535//1 2534//1 2536//1
f 2535//1 2536//1 2537//1
f 2537//1 2536//1 2458//1
f 2537//1 2458//1 2460//1
f 2538//1092 2522//1092 2539//1092
f 2539//1092 2522//1092 2523//1092
f 2539//1093 2523//1093 2540//1093
f 2540//1094 2523//1094 2525//1094
f 2540//1095 2525//1095 2527//1095
f 2538//1096 2541//1096 2522//1096
f 2522//1096 2541//1096 2520//1096
f 2520//1097 2541//1097 2518//1097
f 2518//1097 2541//1097 2542//1097
f 2518//1098 2542//1098 2543//1098
f 2544//1099 2514//1099 2543//1099
f 2543//1099 2514//1099 2516//1099
f 2543//1098 2516//1098 2518//1098
f 2544//1100 2545//1100 2514//1100
f 2514//1100 2545//1100 2512//1100
f 2512//1101 2545//1101 2510//1101
f 2510//1101 2545//1101 2546//1101
f 2510//1102 2546//1102 2547//1102
f 2510//1103 2547//1103 2508//1103
f 2508//1104 2547//1104 2548//1104
f 2508//1105 2548//1105 2506//1105
f 2506//1106 2548//1106 2504//1106
f 2504//1106 2548//1106 2549//1106
f 2504//1107 2549//1107 2550//1107
f 2551//1108 2499//1108 2550//1108
f 2550//1108 2499//1108 2501//1108
f 2550//1107 2501//1107 2504//1107
f 2551//1109 2552//1109 2499//1109
f 2499//1109 2552//1109 2497//1109
f 2497//1110 2552//1110 2495//1110
f 2495//1110 2552//1110 2553//1110
f 2495//1111 2553//1111 2554//1111
f 2555//1112 2491//1112 2554//1112
f 2554//1113 2491//1113 2493//1113
f 2554//1111 2493//1111 2495//1111
f 2491//1114 2555//1114 2489//1114
f 2489//1115 2555//1115 2556//1115
f 2489//1116 2556//1116 2557//1116
f 2558//1117 2485//1117 2557//1117
f 2557//1117 2485//1117 2487//1117
f 2557//1116 2487//1116 2489//1116
f 2558//1118 2559//1118 2485//1118
f 2485//1118 2559//1118 2483//1118
f 2483//1119 2559//1119 2482//1119
f 2482//1119 2559//1119 2560//1119
f 2482//1120 2560//1120 2561//1120
f 2562//1121 2478//1121 2561//1121
f 2561//1121 2478//1121 2480//1121
f 2561//1120 2480//1120 2482//1120
f 2562//1122 2563//1122 2478//1122
f 2478//1122 2563//1122 2476//1122
f 2476//1123 2563//1123 2564//1123
f 2476//1123 2564//1123 2474//1123
f 2474//1124 2564//1124 2472//1124
f 2472//1124 2564//1124 2565//1124
f 2472//1125 2565//1125 2566//1125
f 2567//1126 2468//1126 2566//1126
f 2566//1126 2468//1126 2470//1126
f 2566//1125 2470//1125 2472//1125
f 2567//1127 2568//1127 2468//1127
f 2468//1127 2568//1127 2466//1127
f 2466//1128 2568//1128 2464//1128
f 2464//1128 2568//1128 2569//1128
f 2464//1129 2569//1129 2570//1129
f 2571//1130 2460//1130 2570//1130
f 2570//1130 2460//1130 2462//1130
f 2570//1129 2462//1129 2464//1129
f 2460//1131 2571//1131 2537//1131
f 2537//1131 2571//1131 2572//1131
f 2537//1132 2572//1132 2573//1132
f 2537//1132 2573//1132 2535//1132
f 2535//1133 2573//1133 2574//1133
f 2535//1133 2574//1133 2533//1133
f 2533//1134 2574//1134 2531//1134
f 2531//1135 2574//1135 2575//1135
f 2531//1136 2575//1136 2529//1136
f 2529//1137 2575//1137 2576//1137
f 2529//1138 2576//1138 2577//1138
f 2529//1139 2577//1139 2527//1139
f 2527//1095 2577//1095 2540//1095
f 2578//1140 2461//1140 2579//1140
f 2579//1140 2461//1140 2459//1140
f 2579//1141 2459//1141 2580//1141
f 2580//1141 2459//1141 2458//1141
f 2580//1142 2458//1142 2536//1142
f 2578//1143 2581//1143 2461//1143
f 2461//1143 2581//1143 2463//1143
f 2463//1144 2581//1144 2465//1144
f 2465//1144 2581//1144 2582//1144
f 2465//1145 2582//1145 2583//1145
f 2584//1146 2469//1146 2583//1146
f 2583//1146 2469//1146 2467//1146
f 2583//1145 2467//1145 2465//1145
f 2584//1147 2585//1147 2469//1147
f 2469//1147 2585//1147 2471//1147
f 2471//1148 2585//1148 2473//1148
f 2473//1148 2585//1148 2586//1148
f 2473//1149 2586//1149 2587//1149
f 2473//1149 2587//1149 2475//1149
f 2475//1150 2587//1150 2588//1150
f 2475//1150 2588//1150 2477//1150
f 2477//1151 2588//1151 2479//1151
f 2479//1151 2588//1151 2589//1151
f 2479//1152 2589//1152 2590//1152
f 2591//1153 2484//1153 2590//1153
f 2590//1153 2484//1153 2481//1153
f 2590//1152 2481//1152 2479//1152
f 2591//1154 2592//1154 2484//1154
f 2484//1154 2592//1154 2486//1154
f 2486//1155 2592//1155 2488//1155
f 2488//1155 2592//1155 2593//1155
f 2488//1156 2593//1156 2594//1156
f 2595//1157 2492//1157 2594//1157
f 2594//1157 2492//1157 2490//1157
f 2594//1156 2490//1156 2488//1156
f 2492//1158 2595//1158 2494//1158
f 2494//1158 2595//1158 2596//1158
f 2494//1159 2596//1159 2597//1159
f 2598//1160 2498//1160 2597//1160
f 2597//1160 2498//1160 2496//1160
f 2597//1159 2496//1159 2494//1159
f 2598//1161 2599//1161 2498//1161
f 2498//1161 2599//1161 2500//1161
f 2500//1162 2599//1162 2502//1162
f 2502//1162 2599//1162 2600//1162
f 2502//1163 2600//1163 2601//1163
f 2602//1164 2505//1164 2601//1164
f 2601//1164 2505//1164 2503//1164
f 2601//1163 2503//1163 2502//1163
f 2602//1165 2603//1165 2505//1165
f 2505//1165 2603//1165 2507//1165
f 2507//1166 2603//1166 2604//1166
f 2507//1166 2604//1166 2509//1166
f 2509//1167 2604//1167 2511//1167
f 2511//1167 2604//1167 2605//1167
f 2511//1168 2605//1168 2606//1168
f 2607//1169 2515//1169 2606//1169
f 2606//1169 2515//1169 2513//1169
f 2606//1168 2513//1168 2511//1168
f 2607//1170 2608//1170 2515//1170
f 2515//1170 2608//1170 2517//1170
f 2517//1171 2608//1171 2519//1171
f 2519//1171 2608//1171 2609//1171
f 2519//1172 2609//1172 2610//1172
f 2611//1173 2524//1173 2610//1173
f 2610//1173 2524//1173 2521//1173
f 2610//1172 2521//1172 2519//1172
f 2524//1174 2611//1174 2526//1174
f 2526//1174 2611//1174 2612//1174
f 2526//1175 2612//1175 2613//1175
f 2526//1175 2613//1175 2528//1175
f 2528//1176 2613//1176 2614//1176
f 2528//1176 2614//1176 2530//1176
f 2530//1177 2614//1177 2532//1177
f 2532//1177 2614//1177 2615//1177
f 2532//1178 2615//1178 2534//1178
f 2534//1178 2615//1178 2616//1178
f 2534//1179 2616//1179 2617//1179
f 2534//1179 2617//1179 2536//1179
f 2536//1142 2617//1142 2580//1142
f 2540//21 2612//21 2539//21
f 2539//21 2612//21 2611//21
f 2539//21 2611//21 2610//21
f 2612//21 2540//21 2613//21
f 2613//21 2540//21 2577//21
f 2613//21 2577//21 2614//21
f 2614//21 2577//21 2576//21
f 2614//21 2576//21 2615//21
f 2615//21 2576//21 2575//21
f 2615//21 2575//21 2616//21
f 2616//21 2575//21 2574//21
f 2616//21 2574//21 2617//21
f 2617//21 2574//21 2573//21
f 2617//21 2573//21 2580//21
f 2580//21 2573//21 2572//21
f 2580//21 2572//21 2579//21
f 2579//21 2572//21 2571//21
f 2579//21 2571//21 2578//21
f 2578//21 2571//21 2570//21
f 2578//21 2570//21 2569//21
f 2578//21 2569//21 2581//21
f 2581//21 2569//21 2568//21
f 2581//21 2568//21 2582//21
f 2582//21 2568//21 2567//21
f 2582//21 2567//21 2583//21
f 2583//21 2567//21 2566//21
f 2583//21 2566//21 2584//21
f 2584//21 2566//21 2565//21
f 2584//21 2565//21 2585//21
f 2585//21 2565//21 2564//21
f 2585//21 2564//21 2586//21
f 2586//21 2564//21 2563//21
f 2586//21 2563//21 2587//21
f 2587//21 2563//21 2562//21
f 2587//21 2562//21 2588//21
f 2588//21 2562//21 2561//21
f 2588//21 2561//21 2589//21
f 2589//21 2561//21 2560//21
f 2589//21 2560//21 2590//21
f 2590//21 2560//21 2591//21
f 2591//21 2560//21 2559//21
f 2591//21 2559//21 2592//21
f 2592//21 2559//21 2558//21
f 2592//21 2558//21 2593//21
f 2593//21 2558//21 2557//21
f 2593//21 2557//21 2594//21
f 2594//21 2557//21 2556//21
f 2594//21 2556//21 2595//21
f 2595//21 2556//21 2555//21
f 2595//21 2555//21 2596//21
f 2596//21 2555//21 2554//21
f 2596//21 2554//21 2597//21
f 2597//21 2554//21 2553//21
f 2597//21 2553//21 2598//21
f 2598//21 2553//21 2552//21
f 2598//21 2552//21 2599//21
f 2599//21 2552//21 2551//21
f 2599//21 2551//21 2600//21
f 2600//21 2551//21 2550//21
f 2600//21 2550//21 2549//21
f 2600//21 2549//21 2601//21
f 2601//21 2549//21 2548//21
f 2601//21 2548//21 2602//21
f 2602//21 2548//21 2547//21
f 2602//21 2547//21 2603//21
f 2603//21 2547//21 2546//21
f 2603//21 2546//21 2604//21
f 2604//21 2546//21 2545//21
f 2604//21 2545//21 2605//21
f 2605//21 2545//21 2544//21
f 2605//21 2544//21 2606//21
f 2606//21 2544//21 2543//21
f 2606//21 2543//21 2607//21
f 2607//21 2543//21 2542//21
f 2607//21 2542//21 2608//21
f 2608//21 2542//21 2541//21
f 2608//21 2541//21 2609//21
f 2609//21 2541//21 2538//21
f 2609//21 2538//21 2610//21
f 2610//21 2538//21 2539//21
f 2618//1 2619//1 2620//1
f 2620//1 2619//1 2621//1
f 2620//1 2621//1 2622//1
f 2622//1 2621//1 2623//1
f 2622//1 2623//1 2624//1
f 2624//1 2623//1 2625//1
f 2624//1 2625//1 2626//1
f 2626//1 2625//1 2627//1
f 2626//1 2627//1 2628//1
f 2628//1 2627//1 2629//1
f 2628//1 2629//1 2630//1
f 2630//1 2629//1 2631//1
f 2630//1 2631//1 2632//1
f 2632//1 2631//1 2633//1
f 2632//1 2633//1 2634//1
f 2634//1 2633//1 2635//1
f 2634//1 2635//1 2636//1
f 2636//1 2635//1 2637//1
f 2636//1 2637//1 2638//1
f 2638//1 2637//1 2639//1
f 2638//1 2639//1 2640//1
f 2640//1 2639//1 2641//1
f 2640//1 2641//1 2642//1
f 2642//1 2641//1 2643//1
f 2643//1 2641//1 2644//1
f 2643//1 2644//1 2645//1
f 2645//1 2644//1 2646//1
f 2645//1 2646//1 2647//1
f 2647//1 2646//1 2648//1
f 2647//1 2648//1 2649//1
f 2649//1 2648//1 2650//1
f 2649//1 2650//1 2651//1
f 2651//1 2650//1 2652//1
f 2651//1 2652//1 2653//1
f 2653//1 2652//1 2654//1
f 2653//1 2654//1 2655//1
f 2655//1 2654//1 2656//1
f 2655//1 2656//1 2657//1
f 2657//1 2656//1 2658//1
f 2657//1 2658//1 2659//1
f 2659//1 2658//1 2660//1
f 2659//1 2660//1 2661//1
f 2661//1 2660//1 2662//1
f 2661//1 2662//1 2663//1
f 2661//1 2663//1 2664//1
f 2664//1 2663//1 2665//1
f 2664//1 2665//1 2666//1
f 2666//1 2665//1 2667//1
f 2666//1 2667//1 2668//1
f 2668//1 2667//1 2669//1
f 2668//1 2669//1 2670//1
f 2670//1 2669//1 2671//1
f 2670//1 2671//1 2672//1
f 2672//1 2671//1 2673//1
f 2672//1 2673//1 2674//1
f 2674//1 2673//1 2675//1
f 2674//1 2675//1 2676//1
f 2676//1 2675//1 2677//1
f 2676//1 2677//1 2678//1
f 2678//1 2677//1 2679//1
f 2678//1 2679//1 2680//1
f 2680//1 2679//1 2681//1
f 2680//1 2681//1 2682//1
f 2682//1 2681//1 2683//1
f 2683//1 2681//1 2684//1
f 2683//1 2684//1 2685//1
f 2685//1 2684//1 2686//1
f 2685//1 2686//1 2687//1
f 2687//1 2686//1 2688//1
f 2687//1 2688//1 2689//1
f 2689//1 2688//1 2690//1
f 2689//1 2690//1 2691//1
f 2691//1 2690//1 2692//1
f 2691//1 2692//1 2693//1
f 2693//1 2692//1 2694//1
f 2693//1 2694//1 2695//1
f 2695//1 2694//1 2696//1
f 2695//1 2696//1 2697//1
f 2697//1 2696//1 2618//1
f 2697//1 2618//1 2620//1
f 2698//1092 2682//1092 2699//1092
f 2699//1092 2682//1092 2683//1092
f 2699//1093 2683//1093 2700//1093
f 2700//1093 2683//1093 2685//1093
f 2700//1180 2685//1180 2687//1180
f 2698//1096 2701//1096 2682//1096
f 2682//1096 2701//1096 2680//1096
f 2680//1097 2701//1097 2678//1097
f 2678//1097 2701//1097 2702//1097
f 2678//1098 2702//1098 2703//1098
f 2704//1099 2674//1099 2703//1099
f 2703//1099 2674//1099 2676//1099
f 2703//1098 2676//1098 2678//1098
f 2704//1100 2705//1100 2674//1100
f 2674//1100 2705//1100 2672//1100
f 2672//1101 2705//1101 2670//1101
f 2670//1101 2705//1101 2706//1101
f 2670//1102 2706//1102 2707//1102
f 2670//1102 2707//1102 2668//1102
f 2668//1105 2707//1105 2708//1105
f 2668//1105 2708//1105 2666//1105
f 2666//1106 2708//1106 2664//1106
f 2664//1106 2708//1106 2709//1106
f 2664//1107 2709//1107 2710//1107
f 2711//1108 2659//1108 2710//1108
f 2710//1108 2659//1108 2661//1108
f 2710//1107 2661//1107 2664//1107
f 2711//1109 2712//1109 2659//1109
f 2659//1109 2712//1109 2657//1109
f 2657//1110 2712//1110 2655//1110
f 2655//1181 2712//1181 2713//1181
f 2655//1182 2713//1182 2714//1182
f 2715//1113 2651//1113 2714//1113
f 2714//1113 2651//1113 2653//1113
f 2714//1111 2653//1111 2655//1111
f 2651//1115 2715//1115 2649//1115
f 2649//1115 2715//1115 2716//1115
f 2649//1116 2716//1116 2717//1116
f 2718//1117 2645//1117 2717//1117
f 2717//1117 2645//1117 2647//1117
f 2717//1116 2647//1116 2649//1116
f 2718//1118 2719//1118 2645//1118
f 2645//1118 2719//1118 2643//1118
f 2643//1119 2719//1119 2642//1119
f 2642//1119 2719//1119 2720//1119
f 2642//1120 2720//1120 2721//1120
f 2722//1121 2638//1121 2721//1121
f 2721//1121 2638//1121 2640//1121
f 2721//1120 2640//1120 2642//1120
f 2722//1122 2723//1122 2638//1122
f 2638//1122 2723//1122 2636//1122
f 2636//1123 2723//1123 2724//1123
f 2636//1123 2724//1123 2634//1123
f 2634//1124 2724//1124 2632//1124
f 2632//1124 2724//1124 2725//1124
f 2632//1125 2725//1125 2726//1125
f 2727//1126 2628//1126 2726//1126
f 2726//1126 2628//1126 2630//1126
f 2726//1125 2630//1125 2632//1125
f 2727//1127 2728//1127 2628//1127
f 2628//1127 2728//1127 2626//1127
f 2626//1128 2728//1128 2624//1128
f 2624//1128 2728//1128 2729//1128
f 2624//1129 2729//1129 2730//1129
f 2731//1130 2620//1130 2730//1130
f 2730//1130 2620//1130 2622//1130
f 2730//1129 2622//1129 2624//1129
f 2620//1131 2731//1131 2697//1131
f 2697//1131 2731//1131 2732//1131
f 2697//1132 2732//1132 2733//1132
f 2697//1132 2733//1132 2695//1132
f 2695//1133 2733//1133 2734//1133
f 2695//1133 2734//1133 2693//1133
f 2693//1134 2734//1134 2691//1134
f 2691//1134 2734//1134 2735//1134
f 2691//1137 2735//1137 2689//1137
f 2689//1137 2735//1137 2736//1137
f 2689//1138 2736//1138 2737//1138
f 2689//1138 2737//1138 2687//1138
f 2687//1180 2737//1180 2700//1180
f 2738//1140 2621//1140 2739//1140
f 2739//1140 2621//1140 2619//1140
f 2739//1141 2619//1141 2740//1141
f 2740//1141 2619//1141 2618//1141
f 2740//1142 2618//1142 2696//1142
f 2738//1143 2741//1143 2621//1143
f 2621//1143 2741//1143 2623//1143
f 2623//1144 2741//1144 2625//1144
f 2625//1144 2741//1144 2742//1144
f 2625//1145 2742//1145 2743//1145
f 2744//1146 2629//1146 2743//1146
f 2743//1146 2629//1146 2627//1146
f 2743//1145 2627//1145 2625//1145
f 2744//1147 2745//1147 2629//1147
f 2629//1147 2745//1147 2631//1147
f 2631//1148 2745//1148 2633//1148
f 2633//1148 2745//1148 2746//1148
f 2633//1149 2746//1149 2747//1149
f 2633//1149 2747//1149 2635//1149
f 2635//1150 2747//1150 2748//1150
f 2635//1150 2748//1150 2637//1150
f 2637//1151 2748//1151 2639//1151
f 2639//1151 2748//1151 2749//1151
f 2639//1152 2749//1152 2750//1152
f 2751//1153 2644//1153 2750//1153
f 2750//1153 2644//1153 2641//1153
f 2750//1152 2641//1152 2639//1152
f 2751//1154 2752//1154 2644//1154
f 2644//1154 2752//1154 2646//1154
f 2646//1155 2752//1155 2648//1155
f 2648//1155 2752//1155 2753//1155
f 2648//1156 2753//1156 2754//1156
f 2755//1157 2652//1157 2754//1157
f 2754//1157 2652//1157 2650//1157
f 2754//1156 2650//1156 2648//1156
f 2652//1158 2755//1158 2654//1158
f 2654//1158 2755//1158 2756//1158
f 2654//1159 2756//1159 2757//1159
f 2758//1160 2658//1160 2757//1160
f 2757//1160 2658//1160 2656//1160
f 2757//1159 2656//1159 2654//1159
f 2758//1161 2759//1161 2658//1161
f 2658//1161 2759//1161 2660//1161
f 2660//1162 2759//1162 2662//1162
f 2662//1162 2759//1162 2760//1162
f 2662//1163 2760//1163 2761//1163
f 2762//1164 2665//1164 2761//1164
f 2761//1164 2665//1164 2663//1164
f 2761//1163 2663//1163 2662//1163
f 2762//1165 2763//1165 2665//1165
f 2665//1165 2763//1165 2667//1165
f 2667//1166 2763//1166 2764//1166
f 2667//1166 2764//1166 2669//1166
f 2669//1167 2764//1167 2671//1167
f 2671//1167 2764//1167 2765//1167
f 2671//1168 2765//1168 2766//1168
f 2767//1169 2675//1169 2766//1169
f 2766//1169 2675//1169 2673//1169
f 2766//1168 2673//1168 2671//1168
f 2767//1170 2768//1170 2675//1170
f 2675//1170 2768//1170 2677//1170
f 2677//1171 2768//1171 2679//1171
f 2679//1171 2768//1171 2769//1171
f 2679//1172 2769//1172 2770//1172
f 2771//1173 2684//1173 2770//1173
f 2770//1173 2684//1173 2681//1173
f 2770//1172 2681//1172 2679//1172
f 2684//1174 2771//1174 2686//1174
f 2686//1174 2771//1174 2772//1174
f 2686//1175 2772//1175 2773//1175
f 2686//1175 2773//1175 2688//1175
f 2688//1176 2773//1176 2774//1176
f 2688//1176 2774//1176 2690//1176
f 2690//1177 2774//1177 2692//1177
f 2692//1177 2774//1177 2775//1177
f 2692//1178 2775//1178 2694//1178
f 2694//1178 2775//1178 2776//1178
f 2694//1179 2776//1179 2777//1179
f 2694//1179 2777//1179 2696//1179
f 2696//1142 2777//1142 2740//1142
f 2700//1183 2772//1183 2699//1183
f 2699//21 2772//21 2771//21
f 2699//21 2771//21 2770//21
f 2772//1184 2700//1184 2773//1184
f 2773//1184 2700//1184 2737//1184
f 2773//1185 2737//1185 2774//1185
f 2774//1185 2737//1185 2736//1185
f 2774//1186 2736//1186 2775//1186
f 2775//1186 2736//1186 2735//1186
f 2775//1187 2735//1187 2776//1187
f 2776//1187 2735//1187 2734//1187
f 2776//1188 2734//1188 2777//1188
f 2777//1188 2734//1188 2733//1188
f 2777//1189 2733//1189 2740//1189
f 2740//1189 2733//1189 2732//1189
f 2740//1190 2732//1190 2739//1190
f 2739//1190 2732//1190 2731//1190
f 2739//1191 2731//1191 2738//1191
f 2738//1191 2731//1191 2730//1191
f 2738//1192 2730//1192 2729//1192
f 2738//1192 2729//1192 2741//1192
f 2741//1193 2729//1193 2728//1193
f 2741//1193 2728//1193 2742//1193
f 2742//1194 2728//1194 2727//1194
f 2742//1194 2727//1194 2743//1194
f 2743//1195 2727//1195 2726//1195
f 2743//1195 2726//1195 2744//1195
f 2744//1196 2726//1196 2725//1196
f 2744//1196 2725//1196 2745//1196
f 2745//1197 2725//1197 2724//1197
f 2745//1197 2724//1197 2746//1197
f 2746//1198 2724//1198 2723//1198
f 2746//1198 2723//1198 2747//1198
f 2747//1199 2723//1199 2722//1199
f 2747//1199 2722//1199 2748//1199
f 2748//1200 2722//1200 2721//1200
f 2748//1200 2721//1200 2749//1200
f 2749//1201 2721//1201 2720//1201
f 2749//1201 2720//1201 2750//1201
f 2750//1202 2720//1202 2751//1202
f 2751//1202 2720//1202 2719//1202
f 2751//1203 2719//1203 2752//1203
f 2752//1203 2719//1203 2718//1203
f 2752//1204 2718//1204 2753//1204
f 2753//1204 2718//1204 2717//1204
f 2753//1205 2717//1205 2754//1205
f 2754//1205 2717//1205 2716//1205
f 2754//1206 2716//1206 2755//1206
f 2755//1206 2716//1206 2715//1206
f 2755//1207 2715//1207 2756//1207
f 2756//1207 2715//1207 2714//1207
f 2756//1208 2714//1208 2757//1208
f 2757//1208 2714//1208 2713//1208
f 2757//1209 2713//1209 2758//1209
f 2758//1209 2713//1209 2712//1209
f 2758//1210 2712//1210 2759//1210
f 2759//1210 2712//1210 2711//1210
f 2759//1211 2711//1211 2760//1211
f 2760//1211 2711//1211 2710//1211
f 2760//1212 2710//1212 2709//1212
f 2760//1212 2709//1212 2761//1212
f 2761//1213 2709//1213 2708//1213
f 2761//1213 2708//1213 2762//1213
f 2762//1214 2708//1214 2707//1214
f 2762//1214 2707//1214 2763//1214
f 2763//1215 2707//1215 2706//1215
f 2763//1215 2706//1215 2764//1215
f 2764//1216 2706//1216 2705//1216
f 2764//1216 2705//1216 2765//1216
f 2765//1217 2705//1217 2704//1217
f 2765//1217 2704//1217 2766//1217
f 2766//1218 2704//1218 2703//1218
f 2766//1218 2703//1218 2767//1218
f 2767//1219 2703//1219 2702//1219
f 2767//1219 2702//1219 2768//1219
f 2768//1220 2702//1220 2701//1220
f 2768//1220 2701//1220 2769//1220
f 2769//1221 2701//1221 2698//1221
f 2769//1221 2698//1221 2770//1221
f 2770//1222 2698//1222 2699//1222
# Vertices: 2777, normals: 1222, texture coordinates: 0, faces: 5766

